Denominación;Vía;Nombre vía;Núm. Vía;C. Postal;Municipio;Teléfono;Titularidad;Plazas;URL;Latitud;Longitud;
Residencia de ancianos Los Jazmines;Camino;Carborneros;s/n;28607;Álamo (El);91 812 07 69;Privada;22;;40,246500;-3,993100;25/11/2020
Residencia de 3ª edad San Juan de Dios;Carretera;de Navalcarnero - Chinchón;Km. 5;28607;Álamo (El);91 812 14 14;Privada;303;www.residenciasanjuandedios.es;40,237400;-3,993840;21/09/2020
Residencia de la 3ª edad Benja;Avenida;de Toledo;23;28607;Álamo (El);91 810 41 50;Privada;188;www.residenciasdoctorlopezmalla.com;40,230334;-3,985376;07/05/2015
Residencia Santa Gema Galgani;Calle;Pensamientos;20;28607;Álamo (El);91 812 09 40;Privada;14;www.residencia-santa-gema-galgani.com;40,224957;-3,996695;03/10/2020
Residencia La Edad de Oro;Avenida;Príncipe de Asturias;1;28607;Álamo (El);91 812 22 85;Privada;111;;40,236131;-3,991305;03/12/2020
Residencia de mayores Hospital de Antezana;Calle;Mayor;46;28801;Alcalá de Henares;91 881 94 47;Privada sin fin de lucro;23;fundacionantezana.org;40,482228;-3,366894;16/09/2020
Residencia Cervantes I y II;Calle;José Caballero;3;28805;Alcalá de Henares;91 883 06 05;Privada;57;www.residenciacervantes.com;40,488965;-3,349827;20/11/2020
Residencia de personas mayores Francisco de Vitoria;Calle;Villamalea;1;28805;Alcalá de Henares;91 889 30 50;Pública autonómica;526;;40,508024;-3,357504;25/11/2020
Residencia de personas mayores Cisneros;Avenida;de Ajalvir;1;28806;Alcalá de Henares;91 880 00 15;Pública autonómica;127;www.comunidad.madrid/centros/residencia-personas-mayores-cisneros;40,489541;-3,376695;24/11/2020
DomusVi Espartales;Calle;Gustavo Adolfo Bécquer;27;28806;Alcalá de Henares;91 884 20 27;Privada;142;www.domusvi.es/residencia-de-ancianos-en-alcala-domusvi-espartales;40,511397;-3,374137;16/09/2020
DomusVi Alcalá de Henares;Avenida;Miguel de Unamuno;5;28806;Alcalá de Henares;91 830 35 52;Privada;180;www.domusvi.es/residencia-de-mayores-alcala-de-henares;40,497000;-3,373850;17/09/2020
Sanitas Residencial Henares;Calle;Miguel Delibes;2;28806;Alcalá de Henares;91 830 35 11;Privada;136;www.sanitas.es/sanitasresidencial/residencias-mayores/residencia-henares;40,494390;-3,371467;01/12/2020
Ballesol Alcalá de Henares;Calle;Octavio Paz;21;28806;Alcalá de Henares;91 802 92 12 / 91 830 10 09;Privada;260;ballesol.es/residencias-para-mayores-en-la-comunidad-de-madrid/ballesol-alcala-de-henares/;40,502070;-3,367425;09/04/2019
AMAVIR Alcalá de Henares;Calle;Octavio Paz;13;28806;Alcalá de Henares;901 30 20 10;Privada;180;www.amavir.es/residencia-de-mayores-amavir-alcala-de-henares;40,500700;-3,371600;17/04/2019
Orpea Alcobendas;Avenida;Miguel de Cervantes;3;28100;Alcobendas;91 490 06 78;Privada;180;orpea.es/centros-residencias/centro-dia-residencia-ancianos-madrid-alcobendas;40,549784;-3,650733;25/09/2017
Ballesol Alcobendas;Calle;Ramón y Cajal;1;28100;Alcobendas;91 662 50 87;Privada;154;ballesol.es/residencias-para-mayores-en-la-comunidad-de-madrid/ballesol-alcobendas/;40,540987;-3,649774;18/05/2015
Orpea La Moraleja;Carretera;de Burgos;Km. 14 - Urb. Cuesta Blanca;28108;Alcobendas;91 650 89 10;Privada;132;orpea.es/centros-residencias/residencia-ancianos-madrid-la-moraleja;40,519900;-3,653640;27/10/2020
Residencia Gastón Baquero;Calle;Francisco Chico Mendes;8;28108;Alcobendas;91 661 71 91 / 91 661 28 76;Pública autonómica;201;;40,522077;-3,652882;24/11/2020
Sanitas Residencial La Moraleja;Avenida;La Vega;20;28108;Alcobendas;91 490 37 70;Privada;126;www.sanitas.es/sanitasresidencial/residencias-mayores/residencia-la-moraleja;40,534613;-3,633549;31/07/2017
Caser Residencial La Moraleja;Calle;Salvia;133;28109;Alcobendas;91 659 73 02;Privada;295;www.caseresidencial.es/la-moraleja;40,529931;-3,632440;13/09/2017
Residencia de personas mayores Alcorcón;Avenida;Esteban Márquez;2;28922;Alcorcón;91 644 13 00 / 91 682 42 47;Pública autonómica;218;;40,340447;-3,842068;16/03/2018
AMAVIR Alcorcón;Calle;Gabriela Mistral;4;28922;Alcorcón;91 512 72 00;Privada;180;www.amavir.es/residencia-de-ancianos-madrid-amavir-alcorcon;40,335796;-3,828116;23/11/2020
Residencia de 3ª edad Campodón;Calle;Prado;3;28922;Alcorcón;91 616 66 96 / 91 616 10 57;Privada;146;;40,361884;-3,872440;23/11/2020
Centro Residencial Sanitas Alcorcón;Avenida;de Polvoranca;s/n;28923;Alcorcón;91 643 71 86;Privada;144;www.sanitas.es/sanitasresidencial/residencias-mayores/residencia-alcorcon;40,340788;-3,815432;31/07/2017
Residencia de ancianos San Juan Bautista;Carretera;Comarcal 507;Km. 22 - Finca El Rincón;28620;Aldea del Fresno;91 862 10 45 / 91 864 90 01;Privada;84;;40,305789;-4,253379;07/12/2020
Residencia La Fresneda;Calle;Martín Pescador;13;28620;Aldea del Fresno;91 863 74 03 / 650 66 28 83;Privada;81;residenciafresneda.es;40,318828;-4,201946;16/09/2020
Galdama Algete;Camino;de Valderrey;s/n (esq. C/ Luis de Góngora);28110;Algete;91 628 93 57;Privada;90;www.residenciasdemadrid.es/RESIDENCIA-ALGETE/;40,600652;-3,499469;18/03/2015
Orpea Santo Domingo;Callejón;de las Terrazas;s/n;28120;Algete;91 622 02 32;Privada;150;orpea.es/centros-residencias/residencia-ancianos-madrid-santo-domingo;40,625652;-3,581868;30/09/2020
Residencia de 3ª edad Los Berrocales;Travesía;de Guadarrama;2;28430;Alpedrete;91 851 20 18 / 680 41 19 20;Privada;29;residencialosberrocales.es;40,659017;-4,039347;23/11/2020
Los Llanos Vital;Calle;Miguel de Cervantes;2;28430;Alpedrete;91 851 08 88;Privada;93;www.losllanosvital.es;40,645494;-4,022564;26/11/2020
DomusVi Real Deleite;Paseo;del Deleite;3;28300;Aranjuez;91 891 02 36;Privada;268;www.domusvi.es/residencia-para-mayores-sarquavitae-real-deleite;40,025948;-3,610572;18/09/2017
Residencia Santiago Rusiñol;Plaza;Doctor González Bueno;16;28300;Aranjuez;91 891 14 40;Pública autonómica;464;www.comunidad.madrid/centros/residencia-personas-mayores-santiago-rusinol;40,036859;-3,592327;27/11/2020
Centro Residencial Los Villares;Avenida;de los Villares;1;28500;Arganda del Rey;91 870 19 86;Privada;25;www.residencialosvillares.es;40,312053;-3,448587;21/09/2020
Residencia de personas mayores Arganda del Rey;Avenida;del Instituto;s/n;28500;Arganda del Rey;91 871 33 00;Pública autonómica;409;;40,287700;-3,438170;24/11/2020
Residencia Vigor;Paseo;de la Ermita;51;28490;Becerril de la Sierra;91 853 62 49;Privada;51;www.residenciavigor.com;40,711257;-3,986544;22/09/2020
Residencia El Mural;Barrio;Alto;35;28390;Belmonte de Tajo;91 874 74 11;Privada;49;;40,133869;-3,337550;08/04/2019
Residencia El Berrueco;Calle;Escuelas;1;28192;Berrueco (El);91 868 61 84;Pública autonómica;110;;40,887092;-3,560344;08/04/2019
Residencia San Roque;Camino;Casasola;16;28194;Berzosa del Lozoya;91 868 71 76;Pública local;21;;40,975030;-3,526716;17/09/2020
Residencia Virgen del Pilar;Calle;Mártires;14;28660;Boadilla del Monte;91 633 03 75;Privada;233;www.residenciavirgendelpilar.es;40,409206;-3,878629;22/09/2020
Altagracia Residencia;Calle;Mártires;17;28660;Boadilla del Monte;91 633 33 34 / 91 633 41 60;Privada;96;residenciasaltagracia.es;40,407847;-3,877125;17/09/2020
SERGESA Boadilla del Monte;Calle;Severo Ochoa;8;28660;Boadilla del Monte;91 495 28 60;Privada;180;www.sergesa.com/residencia-geriatrica-en-madrid-boadilla-del-monte;40,407051;-3,893927;04/12/2020
Residencia Mataelpino;Calle;Los Ganaderos;11;28492;Boalo (El);91 842 69 69 / 619 24 32 33 / 946 93 07 29;Privada;45;mayoresmataelpino.es;40,728930;-3,953846;12/11/2020
Residencia de 3ª edad El Pilar;Paseo;de Ronda;8;28690;Brunete;91 815 82 25;Privada;15;www.residenciaelpilarbrunete.com;40,405553;-3,996236;03/04/2019
GERIASA Brunete;Calle;Eras;39;28690;Brunete;91 815 83 00;Privada;248;www.geriasa.es;40,403493;-4,003612;24/09/2020
Pisos tutelados para personas mayores;Calle;Cotos;2 - 4 - 6;28730;Buitrago del Lozoya;91 868 20 71;Pública autonómica;50;;40,986954;-3,633659;18/09/2020
Residencia municipal Miralrío;Avenida;de Madrid;39;28730;Buitrago del Lozoya;91 868 02 90;Privada sin fin de lucro;44;residencia.ayto-buitragodellozoya.es;40,990195;-3,638099;24/09/2020
Residencia Marqués de Santillana;Calle;Mártires;2;28730;Buitrago del Lozoya;91 868 07 86;Privada sin fin de lucro;46;;40,995684;-3,633999;01/12/2020
Asociación Amigos de la 3ª Edad El Concejo;Calle;Mariano García;1;28720;Bustarviejo;91 848 20 55;Privada;51;;40,858612;-3,709377;07/10/2020
Residencia de 3ª edad Los Chopos;Avenida;de la Cabrera;46;28751;Cabrera (La);91 868 83 89;Privada;17;;40,864151;-3,612906;17/09/2020
Residencia de 3ª edad Nuestra Señora del Rosario;Avenida;Generalísimo;54;28751;Cabrera (La);91 868 88 87;Privada;34;;40,865723;-3,612227;27/11/2020
Residencia Nuevo Día;Calle;Hornillo;5 - Colonia El Hornillo;28751;Cabrera (La);91 868 99 68 / 642 07 87 21;Privada;20;;40,865552;-3,617626;17/09/2020
Residencia de 3ª edad Las Acacias;Calle;Justicia;9;28751;Cabrera (La);91 868 88 55;Privada;32;;40,864410;-3,615895;17/09/2020
Residencia El Moral;Avenida;La Cabrera;81;28751;Cabrera (La);91 868 95 70;Privada;72;elmoral.net;40,873833;-3,605945;17/09/2020
Residencia Maravillas;Paseo;de la Castellana;6;28640;Cadalso de los Vidrios;91 864 00 81;Privada;112;www.residenciamaravillas.com;40,301421;-4,434597;29/07/2013
Residencia de El Jardín;Calle;Soledad;33;28816;Camarma de Esteruelas;91 265 62 14 / 642 66 03 13;Privada;18;;40,549999;-3,377782;20/11/2020
Residencia de 3ª edad de Campo Real;Avenida;de Arganda;1;28510;Campo Real;91 874 10 09;Pública local;66;;40,338527;-3,376916;05/05/2015
Residencia Palacio de Carabaña;Calle;Madrid;3;28560;Carabaña;91 872 30 97;Privada;49;;40,256378;-3,236384;08/04/2019
AMAVIR Cenicientos;Calle;San Sebastián;13;28650;Cenicientos;91 860 09 00;Privada;82;www.amavir.es/residencia-de-mayores-amavir-cenicientos;40,259689;-4,461493;23/10/2020
Residencia de 3ª edad Mirasierra;Carretera;Antigua de Los Molinos;11;28470;Cercedilla;91 852 03 14;Privada;46;www.residenciamirasierra.com;40,732574;-4,066404;21/09/2017
Residencia Montehermoso Camorritos;Carretera;de Camorritos;s/n;28470;Cercedilla;91 852 25 50;Privada;159;www.monte-hermoso.com;40,756571;-4,052788;12/09/2017
Residencia El Frontón;Calle;Emilio Serrano;13;28470;Cercedilla;91 852 39 80;Privada;23;;40,738491;-4,061274;17/09/2020
Residencia para Mayores del Carmen, S. L.;Calle;Salvador Canals;5;28470;Cercedilla;91 852 33 42;Privada;20;www.residenciadelcarmencercedilla.com;40,730493;-4,067206;28/11/2020
Residencia San Andrés Cercedilla;Calle;San Andrés;34;28470;Cercedilla;91 852 20 33 / 642 76 13 32;Privada;12;;40,737137;-4,059537;17/09/2020
Residencia La Pinarilla;Calle;Ventorro;4;28694;Chapinería;91 865 06 88;Privada;76;www.residencialapinarilla.com;40,382606;-4,208618;30/09/2020
Residencia El Llano;Calle;Cruz del Portugués;5;28370;Chinchón;91 894 13 46;Privada;54;;40,136400;-3,419960;08/04/2019
Residencia San José;Calle;Teniente Ortiz de Zárate;56;28370;Chinchón;91 894 00 39;Privada;85;;40,141864;-3,416616;17/09/2020
Residencia Las Vegas;Calle;Cabañeros;110;28350;Ciempozuelos;91 809 14 75;Pública autonómica;78;www.albertia.es/residencias/residencia-las-vegas;40,153865;-3,634648;30/11/2020
Residencia de Ancianos Palacios;Paseo;de la Estación;16;28350;Ciempozuelos;91 893 07 12 / 91 893 07 62;Privada;85;www.residenciapalacios.es/ciempozuelos/;40,159194;-3,614336;25/09/2020
Hotel Residencia Virgen del Consuelo;Avenida;de los Toreros;4;28350;Ciempozuelos;91 893 31 40 / 91 893 31 29;Privada;73;www.residenciavirgendelconsuelo.com;40,156299;-3,630613;24/11/2020
Residencia asistida de personas mayores - Complejo Asistencial Benito Menni;Calle;Jardines;1;28350;Ciempozuelos;91 893 01 50;Privada sin fin de lucro;208;www.benitomenniciempozuelos.org;40,156188;-3,619330;26/11/2020
Residencia para Mayores Hidalgos Casaquinta;Avenida;San Juan de Dios;3;28350;Ciempozuelos;91 893 30 00;Privada sin fin de lucro;320;www.residenciacasaquinta.es/;40,160069;-3,614560;26/11/2020
Centro San Juan de Dios;Avenida;San Juan de Dios;1;28350;Ciempozuelos;91 893 00 01;Privada sin fin de lucro;262;www.csjd.es;40,160069;-3,614560;30/09/2020
Residencia de 3ª edad Pablo Neruda;Calle;Santa Clara;1;28350;Ciempozuelos;91 801 51 81;Privada;103;www.clecemayores.com/es/residencia/57/pablo-neruda/;40,161300;-3,621370;04/04/2019
Cobeña Inarejos;Calle;Vereda de los Sastres;1;28863;Cobeña;91 620 86 97;Privada;99;www.residenciacobeña.es;40,573724;-3,503107;23/09/2020
Alba 2 Residencia Geriátrica;Calle;Viñuelas;2;28863;Cobeña;91 620 87 54;Privada;148;www.residenalba.com;40,569196;-3,498821;21/09/2020
Residencia Nuestra Señora del Pilar;Calle;Sotogrande de Abajo;11;28450;Collado Mediano;91 840 68 33;Privada sin fin de lucro;31;www.mayoreselpilar.es;40,666798;-4,045304;01/10/2020
Residencia para mayores AMAVIR Nuestra Casa;Calle;Águedas;1;28400;Collado Villalba;91 849 38 54;Pública autonómica;140;www.amavir.es/residencia-de-mayores-amavir-nuestra-casa;40,642800;-4,001760;03/12/2020
Orpea Collado Villalba;Avenida;de Moralzarzal;8;28400;Collado Villalba;91 849 78 60;Privada;181;orpea.es/centros-residencias/residencia-ancianos-madrid-collado-villalba;40,644209;-3,995874;20/11/2020
Sol Salud;Urbanización;La Cerca;blq. 30;28400;Collado Villalba;91 850 22 14;Privada;65;www.residenciasolsalud.net;40,644300;-3,986910;21/09/2017
Residencia Al Alba;Calle;Puerto de Navacerrada;6;28400;Collado Villalba;91 297 80 17;Privada;18;;40,629755;-4,021799;17/09/2020
Residencia de ancianos San Juan Bautista;Calle;Madrid;23;28380;Colmenar de Oreja;91 894 33 07 / 91 894 44 98;Privada sin fin de lucro;99;;40,114281;-3,392982;10/07/2013
Sanitas Residencial Almenara;Calle;Colmenar;2;28213;Colmenar del Arroyo;91 865 10 00;Privada;106;www.sanitas.es/sanitasresidencial/residencias-mayores/residencia-almenara;40,425212;-4,199442;22/09/2020
Residencia Virgen de los Remedios;Avenida;de Andalucía;4;28770;Colmenar Viejo;91 846 34 06 / 91 846 42 10;Privada;26;;40,668979;-3,777285;23/11/2020
Residencia de personas mayores Colmenar Viejo;Avenida;de los Remedios;28;28770;Colmenar Viejo;91 847 40 00;Pública autonómica;393;;40,675093;-3,769960;23/09/2020
Residencia Gladiolos;Calle;Gladiolos;5 - Colonia de San Crispín;28770;Colmenar Viejo;91 845 20 17;Privada;74;www.residenciagladiolos.com;40,649160;-3,780773;25/11/2020
Residencia Santa Teresa;Calle;Isabel la Católica;1;28770;Colmenar Viejo;91 845 33 98;Privada;26;;40,657970;-3,765927;22/09/2020
Centro Residencial Sanitas Colmenar Viejo;Paseo;Magdalena;2;28770;Colmenar Viejo;91 848 42 73;Privada;202;www.sanitas.es/sanitasresidencial/residencias-mayores/residencia-colmenarviejo;40,653031;-3,772931;31/07/2017
AMAVIR Colmenar;Calle;Mosquilona;65;28770;Colmenar Viejo;91 845 98 08;Privada;180;www.amavir.es/residencia-de-ancianos-madrid-amavir-colmenar;40,664217;-3,777631;25/09/2020
Residencia Nuestra Señora de la Soledad y del Carmen;Calle;Soledad;52;28770;Colmenar Viejo;91 845 15 23;Privada sin fin de lucro;82;www.fundacionbasilica.org/index.php/residencia/presentacion;40,658362;-3,761569;03/04/2019
Residencia Santa Fe;Calle;Maravillas;12;28270;Colmenarejo;91 842 57 85 / 619 43 20 37;Privada;33;;40,561003;-4,015622;17/09/2020
AMAVIR Coslada;Avenida;España;130;28822;Coslada;91 673 30 65;Privada;180;www.amavir.es/residencia-de-ancianos-madrid-amavir-coslada;40,420903;-3,553158;01/10/2020
DomusVi Parque Coslada;Calle;Manuel Azaña;5;28822;Coslada;91 673 01 00;Privada;142;www.domusvi.es/residencia-mayores-madrid-parque-coslada;40,419579;-3,553665;27/03/2018
Residencia de 3ª edad Ruiz y Latorre;Calle;de las Casas;22;28978;Cubas de la Sagra;91 814 28 95;Privada;28;www.centroresidencialruizylatorre.com;40,198496;-3,844620;30/12/2020
Residencia de personas mayores Santa María del Silencio - Cáritas;Calle;Sagrado Corazón;25;28978;Cubas de la Sagra;91 814 23 00;Privada sin fin de lucro;130;;40,190692;-3,840697;08/09/2017
Residencia para mayores El Escorial;Calle;Arias Montano;12;28280;Escorial (El);91 890 13 61;Privada;60;elescorial.gruposantagema.com;40,586443;-4,128244;24/09/2020
Centro Residencial Sanitas El Escorial;Calle;Nueve;9;28280;Escorial (El);91 853 35 33;Privada;169;www.sanitas.es/sanitasresidencial/residencias-mayores/residencia-elescorial;40,603854;-4,052666;10/04/2019
Novo Escorial Centro Residencial;Avenida;Reyes Católicos;5;28280;Escorial (El);91 890 67 87 / 608 28 38 69;Privada;61;novoescorial.com;40,587703;-4,134900;17/09/2020
Orpea Estremera;Avenida;Papa Juan Pablo II;s/n;28595;Estremera;91 875 57 47 / 91 876 14 64;Privada;82;orpea.es/centros-residencias/centro-dia-residencia-ancianos-madrid-estremera;40,188153;-3,108639;29/09/2020
Residencia de 3ª edad Santa Justa;Camino;de Fregacedos;2;28942;Fuenlabrada;91 600 20 30;Privada;54;www.residenciasantajusta.com;40,290436;-3,812459;11/09/2017
Residencia municipal de mayores de Fuenlabrada;Calle;Villa Elena;21;28942;Fuenlabrada;91 607 12 43;Pública local;63;;40,288523;-3,812639;05/05/2015
AC Solidarios;Calle;Portugal;9 - posterior;28943;Fuenlabrada;91 600 26 33 / 91 600 26 34;Privada;32;www.acsolidarios.es;40,278113;-3,809176;20/11/2020
Residencia de 3ª edad San Esteban, S. L.;Calle;Argentina;24 - bajos;28944;Fuenlabrada;91 600 01 55;Privada;15;;40,284526;-3,786246;04/10/2020
Residencia de mayores de Fuenlabrada;Avenida;Hispanidad;60;28945;Fuenlabrada;91 615 42 61 / 674 74 16 25;Privada;198;;40,280090;-3,770662;17/09/2020
Caim Los Olivos;Avenida;de Aragón;15;28140;Fuente el Saz de Jarama;91 620 12 60;Privada;19;www.caimlosolivos.es;40,636213;-3,508316;01/10/2020
Residencia de 3ª edad Primar;Avenida;de Aragón;21;28140;Fuente el Saz de Jarama;91 620 19 00 / 91 620 18 92;Privada;40;;40,636952;-3,507427;24/11/2020
Centro Integral de Mayores Los Olivos;Calle;Félix Rodríguez de la Fuente;2;28140;Fuente el Saz de Jarama;91 620 07 69;Privada;67;"www.caimlosolivos.es; www.primar.es";40,635365;-3,512233;17/09/2020
Fundación Manzanares;Calle;Mayor;13 - 15;28597;Fuentidueña de Tajo;91 872 84 86;Privada;53;;40,118985;-3,159995;29/09/2020
Residencia Ítaca;Calle;Álvaro Cunqueiro;18;28260;Galapagar;91 851 26 99 / 91 851 88 58;Privada;21;;40,614605;-4,008678;09/12/2020
Residencia Mi Casita;Calle;Navamora;6;28260;Galapagar;91 858 25 18;Privada;21;www.residenciamicasita.com;40,569107;-3,995688;30/09/2020
Residencia Santa Gema;Calle;Peraleda;9;28260;Galapagar;91 858 38 56;Privada;55;santagema.gruposantagema.com;40,576019;-4,011669;18/09/2020
Residencia Fátima;Calle;Procesiones;44 - 48;28260;Galapagar;91 858 42 40 / 91 858 37 32;Privada;96;www.residencia-fatima.com;40,574217;-4,003270;23/09/2020
Residencia de 3ª edad Antares;Calle;Puente del Retamar;4;28260;Galapagar;91 859 70 51;Privada;25;www.residenciaantares.com;40,565285;-4,002372;30/11/2020
Residencia El Amanecer;Calle;Rosales;4 - Colonia La Canaleja;28260;Galapagar;91 858 12 01;Privada;26;www.residenciaelamanecer.es;40,569854;-4,002147;21/09/2020
Valdesalud;Calle;Cíes;22 - La Navata;28420;Galapagar;91 858 03 02;Privada;27;residenciavaldesalud.com;40,596325;-3,989553;20/09/2017
Residencia de mayores Navasalud;Calle;Colada Charco de la Hoya;10 - D - La Navata;28420;Galapagar;91 858 41 81;Privada;28;www.residencia-navasalud.es;40,599125;-3,987496;14/07/2013
Hotel de 3ª edad El Madroño;Calle;La Perdiz;12 - La Navata;28420;Galapagar;91 858 71 04;Privada;50;www.hoteldemayores.com;40,593723;-3,985816;08/04/2019
Residencia de mayores Los Ángeles;Avenida;de los Ébanos;65;28903;Getafe;91 696 11 91;Privada;180;www.residenciademayores.com;40,321020;-3,715585;01/12/2020
Residencia de personas mayores Alzheimer Getafe;Avenida;Francisco Fernández Ordóñez;2;28903;Getafe;91 665 25 10;Pública autonómica;70;;40,317080;-3,717148;24/11/2020
Sanitas Residencial Getafe;Avenida;Arcas del Agua;15;28905;Getafe;91 696 55 67;Privada;196;www.sanitas.es/sanitasresidencial/residencias-mayores/residencia-getafe;40,290410;-3,747820;25/11/2020
AMAVIR Getafe;Calle;Islas Canarias;162;28905;Getafe;91 481 94 00;Privada;180;www.amavir.es/residencia-de-mayores-amavir-getafe;40,289700;-3,758479;22/09/2020
Residencia de personas mayores de Getafe;Avenida;Juan Carlos I;4 - Sector III;28905;Getafe;91 682 42 47;Pública autonómica;64;;40,297303;-3,741689;21/09/2020
Centro Geriátrico Madre Maravillas;Plaza;de la Iglesia;2;28909;Getafe;91 684 70 85;Privada;54;www.mmaravillas.org;40,323600;-3,656220;02/10/2020
Residencia Cerro de los Ángeles Gersmile;Calle;Groenlandia;6;28909;Getafe;91 684 93 10;Privada;99;;40,325152;-3,661991;24/09/2020
Casablanca Griñón;Avenida;Albéniz;8;28971;Griñón;91 814 15 11;Privada;131;www.grupocasablanca.es/residencias/casablanca-griñon;40,222200;-3,851610;23/09/2020
Residencia Vitalia Griñón;Avenida;Albéniz;2;28971;Griñón;91 860 94 99;Privada;150;www.vitaliahome.es/centros/vitalia-grinon/;40,221176;-3,850278;30/09/2020
Residencia de personas mayores municipal de Griñón;Calle;Ermita;1;28971;Griñón;91 814 09 52 / 91 814 06 71;Pública local;78;;40,219166;-3,853000;20/11/2020
Residencia Jesús del Buen Amor;Calle;Ferrocarril;17;28971;Griñón;91 814 91 62;Privada;27;pradonuevo.es/residencia-jesus-del-buen-amor-en-grinon;40,214959;-3,856133;23/09/2020
Residencia municipal Guadalix de la Sierra;Calle;Palenque;8;28794;Guadalix de la Sierra;91 847 10 09;Pública local;58;www.asispa.org/servicios/residencias-asistidas/titularidad-publica-gestionadas-por-asispa/residencia-guadalix-d;40,786133;-3,693666;25/09/2020
Residencia Fuenteverde;Calle;Acuario;3;28440;Guadarrama;91 849 30 22;Privada;15;www.grupodelapuebla.es/residencia-fuenteverde;40,653196;-4,046740;11/12/2020
Residencia La Jarosa;Paseo;Alameda;7;28440;Guadarrama;91 854 08 49;Privada;50;www.residencialajarosa.com;40,674911;-4,093240;28/09/2020
Sanitas Residencial Guadarrama;Paseo;Alameda;8;28440;Guadarrama;91 854 38 93;Privada;170;www.sanitas.es/sanitasresidencial/residencias-mayores/residencia-guadarrama;40,675645;-4,094051;19/09/2017
Residencia 3ª edad Mañón;Calle;Antonio Machado;22;28440;Guadarrama;91 854 76 30;Privada;15;www.residenciamanon.com;40,679320;-4,099650;26/11/2020
Residencia San Ildefonso;Calle;Arcipreste de Hita;3;28440;Guadarrama;91 854 01 32;Privada;36;;40,673951;-4,092150;23/09/2020
Residencia 3ª edad Virgen de la Peña;Calle;Escorpio;15 - Urb. Las Cabezuelas;28440;Guadarrama;91 849 05 55;Privada;23;;40,653979;-4,049428;23/09/2020
Residencia Guadarrama El Escorial;Calle;Fuente del Espino;51 - Urb. Los Builes;28440;Guadarrama;91 854 35 44;Privada;90;www.guadarramaescorial.net;40,663373;-4,092164;09/12/2020
Centro de mayores La Tejera;Calle;Géminis;15 - Urb. Las Cabezuelas;28440;Guadarrama;91 849 37 57;Privada;47;www.residencialatejera.com;40,653354;-4,048267;27/11/2020
Residencia mixta de 3ª edad Guadarrama;Paseo;Molino del Rey;31;28440;Guadarrama;91 854 07 83;Privada;30;www.residenciaguadarrama.es;40,667412;-4,081918;21/09/2020
Residencia municipal de San Miguel Arcángel;Calle;Panera;1;28440;Guadarrama;91 854 77 22;Privada;46;;40,672617;-4,088008;22/04/2019
MASAM Guadarrama;Calle;Prado de la Venta;3;28440;Guadarrama;91 849 40 00;Privada;216;;40,687321;-4,113136;23/09/2020
Residencia Virgen del Valle;Calle;Valle del Alberche;6;28440;Guadarrama;91 851 88 10;Privada;46;residenciavirgendelvalle.es;40,651368;-4,048580;14/10/2020
Residencia de 3ª edad Los Ángeles;Calle;Valle del Alberche;22;28440;Guadarrama;91 850 88 42;Privada;67;residencialosangelesguadarrama.com;40,648681;-4,044530;12/09/2012
Alameda Residencial Guadarrama;Calle;Valle del Alberche;66;28440;Guadarrama;91 840 60 60;Privada;18;;40,646352;-4,039994;24/11/2020
AMAVIR Humanes;Avenida;de los Deportes;14;28970;Humanes de Madrid;91 604 05 32;Privada;180;www.amavir.es/residencia-de-ancianos-madrid-amavir-humanes;40,246491;-3,815737;01/10/2020
DomusVi Leganés;Calle;César García Contonente;6;28914;Leganés;91 648 42 53;Privada;180;www.domusvi.es/residencia-mayores-madrid-leganes;40,321169;-3,784687;20/09/2017
Residencia El Encinar;Calle;Constitución de Cádiz;5;28914;Leganés;91 694 41 61;Pública autonómica;132;www.amavir.es/residencia-de-mayores-amavir-el-encinar;40,321911;-3,762064;25/11/2020
Valdeluz Leganés;Calle;de los Frailes;17;28914;Leganés;91 007 57 22 / 616 88 01 96;Privada;176;valdeluz.com;40,316970;-3,772900;25/11/2020
Nuestra Señora de Butarque;Calle;Delco;10 - Ciudad del Automóvil;28914;Leganés;91 693 85 13;Privada;180;www.residenciabutarque.es;40,318524;-3,759414;20/11/2020
Residencia geriátrica Valdepelayo 67;Calle;Diego Martínez Barrio;65;28914;Leganés;91 693 00 58;Privada;18;;40,324447;-3,779780;23/09/2020
Residencia para mayores Parque de los Frailes;Calle;Frailes;12;28914;Leganés;91 693 40 00;Pública autonómica;220;www.araliaservicios.es/en/parque-los-frailes;40,317781;-3,772798;03/12/2020
Residencia Los Balcones;Calle;Trigo;14;28914;Leganés;91 498 75 07;Privada;128;www.losbalcones.es;40,327571;-3,780226;09/12/2020
Pisos tutelados para personas mayores de Leganés;Calle;Braganza;3 - 5;28917;Leganés;91 481 62 40;Pública autonómica;135;;40,357234;-3,785315;05/10/2020
Vitalia Leganés;Calle;María Moliner;7;28919;Leganés;91 686 07 00;Privada;266;www.vitaliahome.es/centros/vitalia-leganes/;40,343814;-3,751172;22/09/2020
Residencia Primero de Mayo;Carretera;de Lozoyuela a Navas;12;28752;Lozoyuela-Navas-Sieteiglesias;91 868 41 33;Privada;20;;40,933237;-3,599096;23/09/2020
Residencia para la 3ª edad Virgen de Regla 3E;Calle;Prados Quemados;10;28752;Lozoyuela-Navas-Sieteiglesias;91 869 88 99 / 91 869 40 30 / 638 84 02 40;Privada;46;;40,930333;-3,626284;09/04/2019
Santa María del Monte Carmelo;Calle;Ayala;33 - 35;28001;Madrid;91 435 16 60;Privada sin fin de lucro;99;www.residenciamontecarmelo.es;40,427758;-3,683551;22/09/2020
Residencia Hermanitas de los Ancianos Desamparados;Calle;Lagasca;17;28001;Madrid;91 435 10 97 / 91 431 62 01;Privada sin fin de lucro;49;;40,423090;-3,685707;11/11/2020
Residencia geriátrica María Inmaculada;Calle;Cartagena;120;28002;Madrid;91 519 41 70 / 627 92 35 07;Privada;24;residenciageriatricamariainmaculada.com;40,440807;-3,674541;24/09/2020
Ballesol Príncipe de Vergara;Calle;Cartagena;133;28002;Madrid;91 411 99 30;Privada;302;ballesol.es/residencias-para-mayores-en-la-comunidad-de-madrid/ballesol-principe-de-vergara/;40,443538;-3,676885;06/10/2020
Casablanca El Viso;Calle;Joaquín Costa;36 B;28002;Madrid;91 561 59 43;Privada;72;grupocasablanca.es/residencias/casablanca-el-viso;40,440851;-3,681338;20/11/2020
Residencia de 3ª edad Sagrada Familia;Calle;Luis Larrainza;46 bis;28002;Madrid;91 413 41 15 / 91 413 30 56;Privada;27;www.residenciaterceraedadsagradafamilia.com;40,450821;-3,668700;26/11/2020
Sanitas Residencial El Viso;Calle;Rodríguez Marín;57;28002;Madrid;91 561 23 32;Privada;102;www.sanitas.es/sanitasresidencial/residencias-mayores/residencia-el-viso;40,449811;-3,678808;24/11/2020
Caser Residencial Santa Hortensia;Calle;Santa Hortensia;46;28002;Madrid;91 510 68 10;Privada;184;www.caseresidencial.es/santa-hortensia;40,444472;-3,663072;31/07/2017
Residencia Josefa Segovia;Calle;Julián Romea;24;28003;Madrid;91 535 79 57;Privada sin fin de lucro;49;;40,442995;-3,718526;25/11/2020
Orpea Madrid Loreto;Avenida;Reina Victoria;60 - 62;28003;Madrid;91 535 77 16;Privada;148;orpea.es/centros-residencias/residencia-ancianos-madrid-loreto;40,446434;-3,713216;30/11/2020
Residencia de Mayores Santa Engracia;Calle;Santa Engracia;118;28003;Madrid;91 990 77 20;Pública local;36;;40,440412;-3,700792;31/10/2020
Residencia de mayores Dos de Mayo;Calle;Daoiz;8;28004;Madrid;91 360 48 31;Privada;60;residenciadeancianoscg.com/nuestras-residencias/dos-de-mayo;40,427099;-3,705317;23/09/2020
Residencia Gravina;Calle;Gravina;20;28004;Madrid;91 523 03 12;Privada;55;www.residenciagravina.com;40,422595;-3,696280;24/09/2020
Residencia de mayores Madrid - Peñuelas;Calle;Arganda;9 - 11;28005;Madrid;91 506 05 96;Pública autonómica;220;www.araliaservicios.es/centro/madrid-peñuelas;40,400993;-3,706638;05/04/2019
Residencia Los Nogales Pontones;Calle;Cobo de Segovia;4;28005;Madrid;91 364 43 48;Privada;260;www.los-nogales.es/pontones-residencia-mayores-de-edad-madrid/;40,406924;-3,719561;26/09/2020
Apartamentos municipales para mayores San Francisco El Grande;Calle;Jerte;1;28005;Madrid;91 364 40 05;Pública local;68;;40,410992;-3,715068;17/09/2020
Residencia Los Nogales - Imperial;Calle;Santa María Real de Nieva;s/n;28005;Madrid;91 364 82 55;Privada;252;www.los-nogales.es/nogales-imperial-residencia-mayores-madrid;40,405522;-3,716593;16/03/2018
Residencia Los Nogales La Paloma;Calle;Toledo;96;28005;Madrid;91 365 03 03;Privada;99;www.los-nogales.es/la-paloma-residencia-mayores-madrid;40,408190;-3,710967;18/09/2020
Hogar Residencia San Luis de los Franceses;Calle;Claudio Coello;94;28006;Madrid;91 431 28 00;Privada;70;www.residenciasanluis.com;40,432062;-3,685680;23/11/2020
Fundación de Doña Fausta Elorz;Calle;Conde de Peñalver;53;28006;Madrid;91 309 96 50;Privada sin fin de lucro;121;www.fundacionelorz.org;40,431746;-3,675205;18/09/2020
Residencia Los Nogales - Pacífico;Calle;Cerro de la Plata;3;28007;Madrid;91 434 19 40;Privada;456;www.los-nogales.es/pacifico-residencia-mayores-madrid/;40,399989;-3,674735;18/09/2020
Residencia La Purísima Concepción;Avenida;Ciudad de Barcelona;85;28007;Madrid;91 551 78 44 / 91 551 14 55;Privada sin fin de lucro;156;www.fundacioncatalinasuarez.org;40,400107;-3,672762;07/09/2017
Casa de Santa María;Avenida;del Mediterráneo;48 - 2ª planta y 1º A y B;28007;Madrid;91 551 60 31 / 91 551 30 18;Privada;24;www.residenciasantamaria.es;40,406326;-3,669085;15/09/2017
Residencia de personas mayores Colegio de la Paz;Calle;Doctor Esquerdo;44;28007;Madrid;91 409 09 43 / 91 409 16 11 / 91 409 11 64;Pública autonómica;80;;40,420467;-3,669259;06/10/2020
GERIASA;Calle;Doctor Esquerdo;63;28007;Madrid;91 557 22 30 / 669 40 18 90 / 669 40 18 89;Privada;185;www.geriasa.es;40,419481;-3,668867;04/04/2019
Apartamentos municipales para mayores Retiro;Calle;José Martínez de Velasco;22;28007;Madrid;91 557 13 19;Pública local;32;www.domusvi.es/centro-de-dia-y-apartamentos-para-mayores-retiro/;40,414576;-3,667489;23/09/2020
Casasolar Santo Duque de Gandía;Calle;Aniceto Marinas;114;28008;Madrid;91 541 62 97;Privada sin fin de lucro;180;www.residenciacasasolar.es;40,432378;-3,734746;13/04/2019
Sanitas Residencial Jardines de Sabatini;Calle;Arriaza;16;28008;Madrid;900 81 82 65;Privada;75;www.sanitas.es/sanitasresidencial/residencias-mayores/residencia-jardines-de-sabatini;40,421738;-3,716249;13/09/2017
Residencia de ancianos Santa Teresa y San José;Plaza;de España;14;28008;Madrid;91 541 29 96;Privada;24;www.obrasocialocd.com;40,423673;-3,713186;17/09/2020
Sanitas Residencial Ferraz;Calle;Ferraz;92;28008;Madrid;91 544 22 48;Privada;73;www.sanitas.es/sanitasresidencial/residencias-mayores/residencia-ferraz;40,430492;-3,721402;01/10/2020
Residencia Santa Genoveva Torres;Calle;Princesa;33;28008;Madrid;91 547 96 00;Privada sin fin de lucro;135;angelicas.org/ubicacion/madrid;40,428300;-3,714668;12/11/2020
Residencia de Personas Mayores Goya;Calle;Doctor Esquerdo;26;28009;Madrid;91 276 10 00;Pública autonómica;51;;40,424403;-3,669357;12/07/2013
Asilo de ancianos - Hermanitas de los Pobres;Calle;Almagro;7 (entrada por C/ Zurbarán, 4);28010;Madrid;91 319 20 96;Privada sin fin de lucro;94;;40,429563;-3,693756;29/09/2020
Ballesol Francisco de Rojas;Calle;Francisco de Rojas;4;28010;Madrid;91 446 42 05;Privada;123;ballesol.es/residencias-para-mayores-en-la-comunidad-de-madrid/ballesol-francisco-de-rojas/;40,428637;-3,699442;16/03/2018
Ballesol Olavide;Calle;Juan de Austria;9;28010;Madrid;91 447 52 56;Privada;179;ballesol.es/residencias-para-mayores-en-la-comunidad-de-madrid/ballesol-olavide;40,432481;-3,699488;31/07/2017
Residencia Monte Hermoso;Calle;Doctor Blanco Nájera;6;28011;Madrid;91 526 75 85;Privada;130;monte-hermoso.es;40,409007;-3,743019;04/04/2019
Residencia sacerdotal San Pedro;Calle;San Bernardo;101;28015;Madrid;91 447 42 00;Privada sin fin de lucro;95;;40,430991;-3,705335;22/11/2020
Nuestra Señora de Montserrat - Fundación benéfico social;Calle;San Bernardo;79;28015;Madrid;91 447 12 50;Privada sin fin de lucro;96;residenciamontserrat.es;40,427538;-3,706413;21/10/2020
Residencia Abedul;Avenida;de Alfonso XIII;118 - bajo;28016;Madrid;91 345 66 31;Privada;25;;40,460550;-3,678418;29/09/2020
Centro residencial de mayores Ave María;Avenida;del Áster;24;28016;Madrid;91 413 45 88 / 626 62 52 61;Privada;38;www.crmayoresavemaria.com;40,456914;-3,665656;25/09/2020
Residencia San Juan de Dios;Calle;Herreros de Tejada;3;28016;Madrid;91 344 00 20;Privada sin fin de lucro;49;residencia-sanjuandedios.es;40,453459;-3,681980;28/09/2020
Residencia Virgen de Valvanera;Calle;Madre de Dios;40;28016;Madrid;91 023 89 23 / 681 16 49 11;Privada sin fin de lucro;52;residenciavirgenvalvanera.com;40,464862;-3,672639;12/11/2020
Residencia Maestro Lassalle;Calle;Maestro Lassalle;6;28016;Madrid;91 359 17 45;Privada;21;;40,462471;-3,673193;20/07/2011
AMAVIR Ciudad Lineal;Calle;Gabriel Montero;3;28017;Madrid;91 327 61 99;Privada;180;www.amavir.es/residencia-de-mayores-amavir-ciudad-lineal;40,425293;-3,629239;15/09/2020
Residencia para mayores Madrid Sur;Calle;Javier de Miguel;42;28018;Madrid;91 380 78 70;Pública autonómica;140;www.domusvi.es/residencia-mayores-madrid-sur;40,387566;-3,660302;25/11/2020
Los Nogales Vista Alegre;Calle;Vista Alegre;4 - 6;28019;Madrid;91 472 00 20;Privada;98;www.los-nogales.es/vista-alegre-residencia-tercera-edad-madrid;40,389956;-3,732051;16/03/2018
AMAVIR Villaverde;Calle;Berrocal;42;28021;Madrid;91 505 52 00;Privada;180;www.amavir.es/residencia-de-mayores-amavir-villaverde;40,344387;-3,676679;22/09/2020
Residencia Villaverde Alzheimer;Carretera;de Villaverde a Vallecas;38;28021;Madrid;91 723 09 61;Pública autonómica;52;;40,356334;-3,686186;24/09/2020
Apartamentos Tutelados para personas mayores María Orúe;Calle;María Orúe;1 A;28021;Madrid;91 710 04 84;Pública autonómica;28;sanivida.es/project/pisos-tutelados-para-mayores/;40,353035;-3,686513;15/03/2018
Residencia de personas mayores Plata y Castañar;Paseo;Plata y Castañar;38;28021;Madrid;91 798 79 12;Pública autonómica;220;www.albertia.es/residencias/residencia-plata-y-castanar/;40,352700;-3,719270;23/11/2020
Residencia Geriátrica 3ª Edad Las Rosas Madrid;Calle;Butrón;14;28022;Madrid;91 313 09 54 / 651 93 76 27;Privada;42;;40,425011;-3,609392;13/09/2017
Residencia de ancianos Nuestra Señora del Pilar;Calle;de la Esfinge;34;28022;Madrid;91 741 17 62;Privada sin fin de lucro;55;;40,444197;-3,609889;23/11/2020
Residencia para la 3ª edad Virgen Llana;Calle;Santa Tecla;24;28022;Madrid;91 320 13 70;Privada;11;;40,442886;-3,614434;24/09/2020
Orpea San Blas;Calle;Zurich;16;28022;Madrid;91 775 99 91;Privada;180;orpea.es/centros-residencias/centro-dia-residencia-ancianos-madrid-san-blas;40,422658;-3,603967;06/10/2020
Orpea Madrid Valdemarín;Calle;Blanca de Castilla;8;28023;Madrid;91 740 05 66;Privada;200;orpea.es/centros-residencias/residencia-aravaca-valdemarin/;40,464743;-3,783695;25/11/2020
Centro Clínico Geriátrico Pinar de Aravaca;Calle;Camarines;2;28023;Madrid;91 307 07 07;Privada;119;pinardearavaca.es;40,461227;-3,769417;23/11/2020
Residencia El Pardo de Aravaca;Calle;Darío Aparicio;33 - 35;28023;Madrid;91 740 04 90;Privada;88;www.elpardodearavaca.com;40,470473;-3,769039;23/11/2020
Orpea Madrid Aravaca;Avenida;del Talgo;53;28023;Madrid;91 387 87 90;Privada;369;orpea.es/centros-residencias/residencia-ancianos-madrid-aravaca;40,446777;-3,780570;25/11/2020
Residencia Santísima Trinidad;Avenida;Osa Mayor;8;28023;Madrid;91 357 22 68;Privada sin fin de lucro;54;www.josefinas-trinitarias.org;40,461120;-3,774748;17/09/2020
Residencia hogar San Enrique y Santa Rita;Calle;Príncipe de Viana;11;28023;Madrid;91 307 93 40 / 91 307 93 41;Privada sin fin de lucro;96;;40,469407;-3,796905;27/10/2020
Residencia Juan XXIII;Calle;Proción;10;28023;Madrid;608 50 46 65;Privada;40;www.residenciajuan23.com;40,467425;-3,800898;27/09/2020
Sanitas Residencial La Florida;Calle;Valle de Toranzo;3 - 5;28023;Madrid;91 740 03 86;Privada;130;www.sanitas.es/sanitasresidencial/residencias-mayores/residencia-florida;40,468003;-3,795599;21/09/2020
Casablanca El Plantío;Avenida;Victoria;74;28023;Madrid;91 372 81 02;Privada;59;www.grupocasablanca.es/casablancaPL.htm;40,471340;-3,826464;05/10/2020
Casablanca Madrid;Avenida;Victoria;36;28023;Madrid;91 307 71 77;Privada;71;www.grupocasablanca.es/residencias/casablanca-madrid;40,468989;-3,820706;05/10/2020
Residencia Los Enebros;Avenida;Victoria;120;28023;Madrid;91 372 97 74;Privada;38;;40,473572;-3,832842;22/11/2020
Residencia La Florida;Calle;Zarauz;6 - Urb. La Florida;28023;Madrid;91 372 94 98 / 91 372 90 05 / 618 31 70 28;Privada;23;www.residencialaflorida.eu;40,470849;-3,813591;28/09/2020
Sagrada Familia;Calle;Villaviciosa;24;28024;Madrid;91 518 26 40;Privada;67;;40,397662;-3,769367;22/09/2020
Residencia geriátrica María Auxiliadora;Calle;Eugenia de Montijo;79;28025;Madrid;91 465 18 23 / 91 465 64 22;Privada;71;maria-auxiliadora.es;40,376821;-3,749433;25/09/2020
Residencia de mayores Gran Residencia;Calle;General Ricardos;177;28025;Madrid;91 462 58 00;Pública autonómica;460;www.comunidad.madrid/centros/residencia-personas-mayores-gran-residencia;40,381984;-3,734634;18/09/2020
Residencia de personas mayores Vista Alegre;Calle;General Ricardos;177;28025;Madrid;91 462 94 14;Pública autonómica;146;;40,383731;-3,739105;30/09/2020
Residencia y pisos tutelados Usera;Calle;Cristo de la Victoria;247;28026;Madrid;91 330 72 00;Pública autonómica;160;www.domusvi.es/residencia-mayores-madrid-usera;40,378882;-3,709827;17/09/2020
Residencia para personas mayores CONCESOL;Calle;Condesa de Venadito;30;28027;Madrid;91 320 03 54;Privada;59;residenciamayoresconcesol.com;40,445961;-3,650708;12/11/2020
Mi Casa - Hermanitas de los Pobres;Calle;Doctor Esquerdo;49;28028;Madrid;91 574 29 88;Privada sin fin de lucro;93;;40,422822;-3,668711;28/09/2020
Residencia municipal Margarita Retuerto;Calle;Francisco Altimiras;2;28028;Madrid;91 724 14 48;Pública local;90;www.asispa.org/servicios/residencias-asistidas/titularidad-publica-gestionadas-por-asispa/residencia-margarita-;40,434140;-3,663665;11/05/2015
Residencia de 3ª edad Vuestra Casa II;Calle;Martínez Izquierdo;37;28028;Madrid;91 725 79 04;Privada;27;;40,434197;-3,668279;15/03/2018
Residencia La Guindalera;Calle;Pintor Moreno Carbonero;15;28028;Madrid;91 713 17 70;Privada sin fin de lucro;56;;40,438689;-3,668678;07/05/2015
Residencia de 3ª edad Vuestra Casa I;Calle;Roma;16 - 18;28028;Madrid;91 355 24 71;Privada;29;;40,430989;-3,666191;15/03/2018
Residencia Isabel La Católica;Calle;Joaquín Dicenta;27;28029;Madrid;91 732 18 80;Pública autonómica;218;www.araliaservicios.es/centro/madrid-ventilla;40,472132;-3,694871;07/05/2015
Residencia Jesús Nazareno y los Dolores;Calle;Magnolias;105;28029;Madrid;91 315 55 45 / 91 315 55 46;Privada sin fin de lucro;95;;40,472790;-3,689911;03/12/2020
Albertia Moratalaz;Calle;Hacienda de Pavones;261;28030;Madrid;91 324 68 00;Privada;190;www.albertia.es/residencias/albertia-moratalaz;40,399677;-3,630679;12/09/2017
Residencia Fundación Santa Lucía - Moratalaz;Calle;Luis de Hoyos Sainz;196;28030;Madrid;91 773 04 83;Privada sin fin de lucro;70;;40,400399;-3,629447;26/10/2020
Residencia Sagrado Corazón;Calle;Mérida;27;28030;Madrid;91 301 66 09;Privada sin fin de lucro;59;;40,407341;-3,633177;25/11/2020
Fundación Residencia San Francisco de Paula;Calle;Valdebernardo;29;28030;Madrid;91 371 01 58;Privada sin fin de lucro;74;;40,401700;-3,631745;21/09/2020
Residencia Castellar;Calle;Sierra Vieja;73;28031;Madrid;91 222 01 50 / 91 222 01 41 / 91 380 87 82;Privada;34;www.residenciascastellar.com;40,379216;-3,622671;07/05/2015
Centro Alzheimer Fundación Reina Sofía;Calle;Valderrebollo;5;28031;Madrid;91 385 23 00;Pública autonómica;156;;40,372675;-3,627503;06/05/2015
Los Nogales Santa Eugenia;Calle;Zazúar;15;28031;Madrid;91 305 29 90;Privada;286;www.los-nogales.es/santa-eugenia-residencia-ancianos-madrid;40,381994;-3,607401;23/09/2020
Residencia Adolfo Suárez;Calle;de la Rávena;18;28032;Madrid;91 322 09 00;Pública autonómica;280;www.comunidad.madrid/centros/residencia-personas-mayores-adolfo-suarez;40,418859;-3,614082;17/09/2020
AMAVIR Valdebernardo;Calle;Ladera de los Almendros;44;28032;Madrid;91 301 66 60;Privada;180;www.amavir.es/residencia-de-ancianos-madrid-amavir-valdebernardo;40,396413;-3,626149;22/09/2020
Los Nogales Hortaleza;Calle;Alcobendas;12;28033;Madrid;91 047 70 20;Privada;365;;40,475764;-3,642139;24/11/2020
Edalia Arturo Soria;Calle;Arturo Soria;278;28033;Madrid;91 314 94 99;Privada;156;www.edalia.es;40,471350;-3,666875;12/11/2020
DomusVi Arturo Soria;Calle;Duquesa de Castrejón;18 - 20;28033;Madrid;91 300 13 90;Privada;145;www.domusvi.es/residencia-mayores-madrid-arturo-soria;40,463405;-3,660257;03/10/2017
Los Robles Gerhoteles Madrid;Calle;Duquesa de Castrejón;19;28033;Madrid;91 744 52 80;Privada;170;www.losroblesgerhoteles.com;40,464004;-3,660197;24/11/2020
Residencia Jazmín;Calle;Jazmín;48;28033;Madrid;91 383 65 20;Pública local;58;www.asispa.org/servicios/residencias-asistidas/titularidad-publica-gestionadas-por-asispa/residencia-jazmin-_ma;40,478607;-3,667022;18/09/2020
Residencia Avenida San Luis;Avenida;San Luis;58;28033;Madrid;91 382 20 92;Privada;99;residenciaavenidasanluis.com;40,472452;-3,653224;03/04/2019
Residencia de 3ª edad Atenea - Mirasierra;Avenida;Cardenal Herrera Oria;162;28034;Madrid;91 731 05 70;Privada;44;residenciaatenea.es;40,487332;-3,705937;17/09/2020
Residencia para personas mayores Nuestra Señora del Camino;Calle;Collado de Tirobarra;6;28034;Madrid;91 736 47 94;Privada sin fin de lucro;71;www.fundacionnscamino.org;40,494977;-3,715905;24/09/2020
Sanitas Residencial Mirasierra;Calle;Nuria;40;28034;Madrid;91 735 32 70;Privada;125;www.sanitas.es/sanitasresidencial/residencias-mayores/residencia-mirasierra;40,493033;-3,707258;28/09/2020
Residencia para mayores Mirasierra;Calle;Portera del Cura;1;28034;Madrid;91 734 14 10 / 91 734 16 26 / 91 734 08 76;Pública autonómica;220;www.domusvi.es/residencia-mayores-madrid-mirasierra;40,490800;-3,714360;05/10/2017
Orpea Madrid Mirasierra Residencia;Calle;Ventisquero de la Condesa;46;28034;Madrid;91 387 60 50;Privada;75;orpea.es/centros-residencias/centro-sociosanitario-madrid-mirasierra/;40,494712;-3,717609;26/08/2020
Sanitas Residencial Puerta de Hierro;Calle;Alfonso Fernández Clausells;2;28035;Madrid;91 398 00 17;Privada;45;www.sanitas.es/sanitasresidencial/residencias-mayores/residencia-puerta-hierro;40,461209;-3,724388;25/11/2020
Residencia Lusanz;Calle;Aurora;9;28035;Madrid;91 316 58 71;Privada;22;www.residencialusanz.com;40,464681;-3,722529;28/09/2020
Residencia Los Nogales Puerta de Hierro;Calle;César Manrique;11;28035;Madrid;91 789 20 09;Privada;180;www.los-nogales.es/puerta-de-hierro-residencia-de-ancianos-madrid;40,474177;-3,721053;24/09/2020
Ballesol Mirasierra;Calle;Collado de Cerro Malejo;5 - 7;28035;Madrid;91 738 90 22;Privada;232;ballesol.es/residencias-para-mayores-en-la-comunidad-de-madrid/ballesol-mirasierra/;40,488923;-3,715938;22/11/2020
Residencia Fundación Sagrada Familia Puerta de Hierro;Calle;Isidro Dompablo;10;28035;Madrid;91 316 65 66;Privada sin fin de lucro;46;www.fundacionsf.es/?page_id=53;40,464050;-3,723723;02/10/2020
Residencia Rosita;Calle;Isla de Saipán;43;28035;Madrid;91 779 36 59;Privada;21;;40,476808;-3,730218;22/11/2020
Residencia Padre Eladio;Calle;Islas Bikini;6;28035;Madrid;91 373 37 67;Privada sin fin de lucro;77;www.josefinas-trinitarias.org;40,475157;-3,727505;17/09/2020
Residencia Sagrada Familia;Calle;Manuel Nieto;1;28035;Madrid;91 316 05 42 / 91 386 20 65;Privada sin fin de lucro;30;www.fundacionsf.es/?page_id=58;40,468399;-3,725035;20/11/2020
Residencia y Apartamentos para Mayores Mirasierra;Calle;Rosalía de Castro;80;28035;Madrid;91 387 65 50;Privada;97;www.albertia.es/residencias/albertia-mirasierra;40,483450;-3,733856;10/12/2019
Residencia Santísima Virgen y San Celedonio;Calle;Condes de Val;11;28036;Madrid;91 457 19 60;Privada sin fin de lucro;164;www.fsvsc.es;40,456673;-3,683326;07/10/2020
Residencia Santa Filipina;Avenida;de Burgos;4;28036;Madrid;91 767 22 76;Privada sin fin de lucro;38;;40,469916;-3,676194;01/12/2020
Residencia Paseo de la Habana;Paseo;de La Habana;143;28036;Madrid;91 345 35 74;Privada;62;;40,461772;-3,680515;12/11/2020
Clínica Geriátrica Imbea - Morejón, S. A.;Calle;Menéndez Pidal;25;28036;Madrid;91 359 56 00;Privada;30;www.residenciaimbea.com;40,463096;-3,681242;21/11/2020
Centro residencial Valmonte;Calle;Romero Girón;9;28036;Madrid;91 458 48 00;Privada;140;www.valmonte.es;40,456680;-3,683200;23/09/2020
Vitalia Canillejas;Calle;Albarracín;24;28037;Madrid;91 109 43 53;Privada;90;www.vitaliahome.es/centros/vitalia-canillejas;40,435368;-3,633229;19/11/2020
AMAVIR Puente de Vallecas;Calle;Baltasar Santos;2;28038;Madrid;91 328 70 70;Privada;180;www.amavir.es/residencia-de-ancianos-madrid-amavir-puente-de-vallecas;40,402346;-3,658811;04/04/2019
Pisos tutelados para personas mayores;Calle;Baltasar Santos;6;28038;Madrid;91 430 38 81;Pública autonómica;45;;40,401912;-3,657431;09/10/2020
Residencia de personas mayores de Vallecas;Calle;Benjamín Palencia;25;28038;Madrid;91 779 14 40;Pública autonómica;173;;40,394523;-3,647456;19/07/2013
Residencia Santa Matilde;Calle;Santa Matilde;7;28039;Madrid;91 450 82 82;Privada;77;;40,449996;-3,708120;18/09/2020
Ballesol Parque Almansa - Apartamentos;Paseo;de Juan XXIII;38;28040;Madrid;91 554 66 52;Privada;108;www.ballesol.es/apartamentos-para-mayores-en-comunidad-de-madrid/ballesol-parque-almansa;40,450072;-3,715082;12/11/2020
Los Nogales Reina Victoria;Calle;Juan Montalvo;20 - 22;28040;Madrid;91 534 60 00;Privada;98;www.los-nogales.es/reina-victoria-geriatrico-mayores-madrid/;40,447533;-3,710797;23/11/2020
Residencia Justo Dorado;Calle;Pedro Justo Dorado;5;28040;Madrid;91 535 86 20;Privada;54;www.residenciajustodorado.com;40,448566;-3,712219;17/09/2020
Residencia Geriátrica Los Álamos;Calle;Pirineos;37;28040;Madrid;91 459 11 50;Privada;34;www.residencialosalamos.es;40,454937;-3,717732;21/09/2020
Residencia Rafael Alberti;Calle;Pirineos;55;28040;Madrid;91 144 06 34;Privada;100;"www.asociacion-chf.com; wwwresidenciarafaelalberti.com";40,453887;-3,719232;29/09/2020
AMAVIR Usera;Avenida;La Perla;3;28041;Madrid;91 500 55 50;Privada;180;www.amavir.es/residencia-de-ancianos-madrid-amavir-usera;40,373175;-3,694110;14/05/2015
Casablanca Villaverde;Calle;Rafaela Ybarra;135;28041;Madrid;91 716 80 80;Privada;200;grupocasablanca.es/residencias/casablanca-villaverde;40,359886;-3,714881;12/11/2020
Residencia Orcasur;Calle;Salobreña;2;28041;Madrid;91 369 92 34;Pública autonómica;64;www.grupo5.net/personas-mayores/?t=9;40,366186;-3,700592;23/09/2020
Residencia de personas mayores San José;Calle;Trévelez;3;28041;Madrid;91 317 54 67 / 91 317 54 68;Pública autonómica;48;;40,365148;-3,702439;24/11/2020
Sanitas Residencial Alameda;Paseo;Alameda de Osuna;78 - B;28042;Madrid;91 747 45 04;Privada;118;www.sanitas.es/sanitasresidencial/residencias-mayores/residencia-alameda;40,459641;-3,587407;14/09/2017
Residencia Montserrat Caballé;Calle;Bahía de Santa Pola;2;28042;Madrid;91 748 15 52;Privada sin fin de lucro;136;;40,466261;-3,590649;11/09/2017
Residencia de 3ª edad La Santina Dos, S. L.;Calle;Isla de Cuba;2;28042;Madrid;91 320 03 54;Privada;50;;40,449990;-3,610482;19/07/2013
Residencia de ancianos Don Bosco;Calle;Playa de Riazor;39;28042;Madrid;91 305 50 87;Privada sin fin de lucro;62;;40,476049;-3,586676;18/09/2020
Residencia de 3ª edad Años Dorados III;Calle;Agustín Calvo;19;28043;Madrid;91 388 22 62 / 91 388 05 48;Privada;36;;40,464132;-3,650151;16/09/2020
Residencia Abedul II;Calle;Agustín Calvo;15;28043;Madrid;91 759 84 56;Privada;29;residenciaabedul.es;40,464056;-3,650933;13/09/2017
Residencia Las Azaleas;Calle;Bueso de Pineda;52;28043;Madrid;91 300 49 51;Privada;67;www.asispa.org/servicios/residencias-asistidas/titularidad-de-asispa/residencia-las-azaleas-_madrid;40,455438;-3,652730;05/10/2020
Centro Geriátrico Hortaleza;Calle;de las Pedroñeras;38;28043;Madrid;91 388 41 55 / 652 91 91 45;Privada;96;www.residenciadeancianoscg.com;40,466281;-3,630633;18/09/2020
Residencia Madre María Rafaela;Calle;Liebre;7;28043;Madrid;91 426 61 24 / 652 37 75 48;Privada sin fin de lucro;20;residenciamayoresmmrafaela.com;40,457998;-3,650762;12/11/2020
Residencia El Jardín;Calle;López de Hoyos;384;28043;Madrid;696 25 60 63;Privada;25;www.residencia-eljardin.com;40,461216;-3,658991;01/12/2020
Caser Residencial Arturo Soria;Calle;Puerto de Santa María;15;28043;Madrid;91 716 00 36;Privada;140;www.caseresidencial.es/arturo-soria;40,454244;-3,651427;07/06/2019
Residencia Miraflores II;Calle;Ulises;44;28043;Madrid;91 300 44 42;Privada;72;www.centrogeriatricomiraflores.com;40,457943;-3,652128;06/11/2020
Residencia Fundación Sagrada Familia;Calle;Ulises;60;28043;Madrid;91 388 41 19;Privada;35;www.fundacionsf.es/?page_id=19;40,458315;-3,651033;24/11/2020
Residencia Santo Cristo del Nogal;Calle;Ulises;59 B;28043;Madrid;91 388 37 01;Privada;20;;40,458602;-3,650123;26/11/2020
Centro Residencial Sanitas Carabanchel;Calle;Antonia Rodríguez Sacristán;10;28044;Madrid;91 508 11 10;Privada;224;www.sanitas.es/sanitasresidencial/residencias-mayores/residencia-carabanchel;40,372750;-3,744630;09/10/2020
Orpea Madrid Buenavista;Calle;Antonia Rodríguez Sacristán;14;28044;Madrid;91 511 04 20;Privada;196;orpea.es/centros-residencias/residencia-ancianos-madrid-buenavista;40,372854;-3,742862;22/11/2020
Residencia Virgen de la Paloma;Calle;Árbol del Cielo;38;28044;Madrid;91 706 31 33;Privada;11;;40,379659;-3,763995;21/09/2020
Ballesol Latina;Calle;Casuarina;4;28044;Madrid;91 710 81 90;Privada;180;ballesol.es/residencias-para-mayores-en-la-comunidad-de-madrid/ballesol-latina/;40,381249;-3,764778;31/07/2017
Residencia de 3ª edad Santa María del Sagrario;Plaza;de la Emperatriz;12;28044;Madrid;91 508 69 41;Privada;41;residenalba.net/alba-carabanchel;40,373606;-3,751338;10/05/2015
Hogar Santa Teresa Jornet;Calle;Duquesa de Tamames;8;28044;Madrid;91 508 91 08 / 91 508 58 49;Privada sin fin de lucro;143;;40,372459;-3,749811;24/03/2015
Ballesol Pasillo Verde;Calle;Amaltea;25;28045;Madrid;91 506 22 70;Privada;278;ballesol.es/residencias-para-mayores-en-la-comunidad-de-madrid/ballesol-pasillo-verde;40,396975;-3,685883;28/09/2020
Residencia Nuestra Señora del Perpetuo Socorro;Calle;Áncora;42;28045;Madrid;91 506 05 60 / 91 539 19 84;Privada sin fin de lucro;93;www.residenciaperpetuosocorro.es;40,402737;-3,689147;05/04/2019
AMAVIR Arganzuela;Calle;Embajadores;211;28045;Madrid;91 506 23 56;Privada;180;www.amavir.es/residencia-de-ancianos-madrid-amavir-arganzuela;40,386048;-3,689044;22/09/2020
Centro de Cuidados Laguna Residencias de personas mayores;Calle;Concejal Francisco José Jiménez Martín;128;28047;Madrid;91 509 91 37;Privada sin fin de lucro;56;lagunacuida.org/content/residencia-de-enfermedades-neurodegenerativas-0;40,400547;-3,747114;30/11/2020
Residencia de 3ª edad Comunidad Marías;Avenida;Nuestra Señora de Fátima;100 - 3º;28047;Madrid;91 461 77 06;Privada sin fin de lucro;8;;40,379501;-3,748957;24/09/2020
Orpea Madrid Carabanchel;Calle;Nuestra Señora de la Luz;74;28047;Madrid;91 422 08 80;Privada;160;orpea.es/centros-residencias/centro-dia-residencia-ancianos-madrid-carabanchel;40,385279;-3,748959;03/04/2019
GERIATEL Aluche;Calle;Ocaña;193;28047;Madrid;91 509 98 84;Privada;55;www.geriatel.es/nuestras-residencias/geriatel-aluche/;40,389068;-3,753566;21/09/2020
Residencia Nuestra Señora del Carmen;Carretera;Cantoblanco;3;28049;Madrid;91 734 34 50;Pública autonómica;422;;40,539094;-3,694235;23/09/2020
Residencia Casa San Luis Gonzaga - Los Almendros;Carretera;de Colmenar Viejo;Km. 14.4;28049;Madrid;91 734 74 77;Privada sin fin de lucro;45;;40,528000;-3,693500;22/09/2020
Residencia Doctor González Bueno;Carretera;de Colmenar Viejo;Km. 13.5;28049;Madrid;91 734 63 00 / 91 734 77 64 / 91 734 34 54;Pública autonómica;604;;40,525711;-3,688041;16/03/2018
Residencia de mayores de Manoteras;Calle;Oña;3;28050;Madrid;91 766 52 22;Pública autonómica;300;;40,489006;-3,668342;10/07/2013
Orpea Madrid Sanchinarro;Calle;Padres Dominicos;2;28050;Madrid;91 750 21 38;Privada;180;orpea.es/centros-residencias/centro-dia-residencia-ancianos-madrid-sanchinarro;40,501940;-3,656316;30/10/2020
Residencia Ensanche de Vallecas;Avenida;Cerro Milano;1;28051;Madrid;91 494 86 77;Pública autonómica;160;www.araliaservicios.es/centro/madrid-ensanche-vallecas;40,368860;-3,618639;23/11/2020
Residencia Nuestra Señora de Valverde;Calle;Convenio;7;28053;Madrid;91 477 71 83;Privada sin fin de lucro;44;;40,393260;-3,672448;28/09/2020
DomusVi Albufera;Calle;Sierra Alcubierre;8;28053;Madrid;91 757 05 10;Privada;143;www.domusvi.es/residencia-de-mayores-en-madrid-albufera;40,391790;-3,667929;12/09/2017
Ballesol Majadahonda;Calle;Cierzo;7 - Colonia Airesol I;28221;Majadahonda;91 639 56 11;Privada;133;ballesol.es/residencias-para-mayores-en-la-comunidad-de-madrid/ballesol-majadahonda/;40,479588;-3,859243;23/09/2020
Centro Tercera Edad San Luis Gonzaga;Calle;Mar Egeo;51;28221;Majadahonda;91 634 00 76;Privada;202;www.residenciasanluisgonzaga.es;40,462636;-3,864660;11/12/2020
Residencia Valle de la Oliva;Calle;Manuel de Falla;35;28222;Majadahonda;91 679 99 63;Pública local;130;www.albertia.es/residencias/albertia-valle-de-la-oliva/;40,452309;-3,876877;21/09/2020
Residencia Ponderosa Real;Avenida;Maderuelos;5;28410;Manzanares el Real;91 857 38 38;Privada;91;www.ponderosareal.com;40,724243;-3,939454;20/11/2020
Residencia de personas mayores Manzanares;Calle;Padre Damián;4;28410;Manzanares el Real;91 049 82 50 / 649 93 07 59;Privada;48;mayoresmanzanares.es;40,726854;-3,864192;12/11/2020
Orpea Meco;Calle;Roble;11;28880;Meco;91 886 16 66;Privada;147;orpea.es/centros-residencias/centro-dia-residencia-ancianos-alcala-henares;40,548354;-3,326857;03/10/2017
Gaudí Centro Asistencial;Calle;Antonio Gaudí;30;28840;Mejorada del Campo;91 668 13 06;Privada;52;residenciagaudi.com;40,392820;-3,486935;19/11/2020
Residencia Nuestra Señora de la Esperanza II;Avenida;de la Constitución;3;28840;Mejorada del Campo;91 679 31 92;Privada sin fin de lucro;20;www.ayudaadomicilio.org;40,396879;-3,488868;24/11/2020
Residencia municipal El Perpetuo Socorro;Calle;Crucero;s/n;28792;Miraflores de la Sierra;91 844 33 55;Pública local;28;;40,811000;-3,762460;28/09/2020
Residencia Isla de Kos;Avenida;de Madrid;8;28710;Molar (El);91 841 08 12;Privada;90;www.isladekos.com;40,730741;-3,582476;23/09/2020
Residencia para mayores Santa Mariana de Jesús;Avenida;de la Concordia;60;28460;Molinos (Los);91 855 10 52;Privada;13;;40,711723;-4,064513;24/11/2020
Casa de ancianos Hermanitas de los Pobres;Calle;Virgen del Espino;1;28460;Molinos (Los);91 855 16 80;Privada sin fin de lucro;36;;40,707672;-4,083757;28/09/2020
Residencia municipal Nazaret;Calle;Cruces;2;28190;Montejo de la Sierra;91 869 72 80;Pública local;58;;41,060158;-3,529068;23/10/2020
Residencia Nuestra Señora del Sagrario;Avenida;de Arroyomolinos;3;28950;Moraleja de Enmedio;91 609 40 09 / 91 609 40 12;Privada;80;www.residencianssagrario.es;40,259947;-3,864408;04/04/2019
Residencia Nuestra Señora de la Montaña II;Urbanización;Las Colinas;8;28950;Moraleja de Enmedio;91 600 50 30;Privada;23;www.residencianuestrasenoradelamontana.es;40,268986;-3,878887;20/02/2015
Residencia Fuente de Salud;Calle;de España;3;28411;Moralzarzal;91 857 61 57 / 91 857 81 21;Privada;37;www.residenciafuentesalud.es;40,673800;-3,971700;21/09/2020
Residencia Bellas Vistas Moralzarzal;Calle;El Gamonal;3;28411;Moralzarzal;91 857 41 54;Privada;48;;40,707435;-3,955607;05/10/2020
Residencia Virgen de la Caridad del Cobre;Calle;Juncarejo;18;28411;Moralzarzal;91 621 67 03;Privada;37;;40,682078;-3,975817;12/11/2020
Centro para mayores Santa Isabel;Calle;Valleja;30;28411;Moralzarzal;91 842 10 99;Privada;48;www.cpmsantaisabel.com;40,675421;-3,970554;26/11/2020
Residencia de ancianos Virgen de la Antigua - Fundación Mac-Crohon;Calle;Asilo;2;28530;Morata de Tajuña;91 873 00 54;Privada sin fin de lucro;98;;40,227415;-3,436460;05/10/2020
Residencia Isla de Taray;Carretera;de Morata - Perales de Tajuña;Km. 3.3;28530;Morata de Tajuña;91 873 13 28;Privada sin fin de lucro;214;;40,230900;-3,402230;23/11/2020
Residencia La Torre;Calle;del Carmen;37;28530;Morata de Tajuña;91 873 01 71 / 91 873 03 64;Privada;88;www.residencialatorre.es;40,225087;-3,437335;24/09/2020
Residencia Coímbra Park;Calle;Arizónicas;14;28935;Móstoles;91 645 56 00 / 91 645 59 99;Privada;34;www.residenciacoimbrapark.com;40,314570;-3,924784;21/09/2020
Residencia de personas mayores Parque Coímbra;Avenida;de los Sauces;55;28935;Móstoles;91 646 18 93;Pública autonómica;220;;40,308200;-3,931850;18/09/2020
Residencia de 3ª edad Alameda Coímbra;Calle;Eucalipto;10;28935;Móstoles;91 647 85 33;Privada;28;;40,310183;-3,924941;09/05/2018
Residencia Las Camelias;Avenida;Olímpica;36 - El Soto;28935;Móstoles;91 613 23 81;Privada;231;www.bastondeoro.com/residencia-las-camelias.html;40,329208;-3,882831;05/04/2019
DomusVi Ciudad de Móstoles;Calle;Río Segura;29;28935;Móstoles;91 648 01 46;Privada;180;www.domusvi.es/residencia-ancianos-madrid-mostoles-mostoles;40,310454;-3,878910;31/07/2017
Residencia para personas mayores de Móstoles;Calle;Juan XXIII;6;28938;Móstoles;91 664 76 67;Pública local;35;;40,320291;-3,865316;01/12/2020
Residencia municipal Virgen de la Concepción;Plaza;Buenavista;29;28600;Navalcarnero;91 811 48 82;Pública local;60;;40,291808;-4,015640;20/11/2020
Casaverde La Asunción;Paseo;de la Estación;18;28600;Navalcarnero;91 811 12 12;Privada;78;centrosdemayorescasaverde.com/centro-casaverde-la-asuncion;40,293394;-4,010097;25/04/2018
Residencia Nava Real;Ronda;de San Juan;11;28600;Navalcarnero;91 737 20 42 / 677 34 46 20;Privada;224;www.residencianavareal.com;40,290628;-4,008292;19/11/2020
Residencia La Aurora;Paseo;Don Miguel de Ribagorda Gómez;1;28600;Navalcarnero;91 811 11 64;Privada;177;www.la-aurora.es;40,294300;-4,010070;30/09/2020
Residencia Los Manzanos;Calle;Gredos;37;28600;Navalcarnero;91 811 20 12;Privada;36;;40,280684;-4,026197;12/11/2020
Casaverde Navalcarnero;Calle;José María López Malla;3;28600;Navalcarnero;91 811 24 93;Privada;146;www.centrosdemayorescasaverde.com/centro-casaverde-navalcarnero;40,286425;-4,006576;18/09/2020
Residencia municipal Mariana de Austria;Calle;La Doctora;8;28600;Navalcarnero;91 810 11 50;Pública local;45;;40,289954;-4,014230;25/11/2020
Residencia de 3ª edad - Asociación Rosas del Camino;Calle;San Roque;77;28600;Navalcarnero;91 811 10 01 / 91 811 10 59 / 696 30 01 41;Privada sin fin de lucro;30;perso.wanadoo.es/rosasdelcamino;40,283836;-4,011903;03/11/2020
Residencia de Navalcarnero;Avenida;Víctimas del Terrorismo;s/n;28600;Navalcarnero;91 811 15 11;Pública autonómica;120;;40,294593;-3,996781;04/04/2019
Residencia de 3ª edad Navas del Rey;Calle;Aparejador Pedro de Tolosa;1;28695;Navas del Rey;91 865 03 80 / 91 865 03 95;Privada;28;;40,387586;-4,251209;28/09/2020
Residencias Los Jardines de Navas;Calle;Sandro Pertini;8;28695;Navas del Rey;91 865 03 11;Privada;40;;40,383345;-4,241357;16/03/2018
Residencia Bellaescusa;Calle;Miguel Hernández;1;28570;Orusco de Tajuña;91 876 12 02;Privada;152;www.residenciabellaescusa.com;40,286949;-3,206878;25/09/2020
Centro Asistencial GEROINNOVA MIRAMADRID;Calle;Gaspar de Morales;1;28860;Paracuellos de Jarama;91 230 42 00;Privada;170;miramadrid.geroinnova.com;40,502456;-3,513028;03/04/2019
Residencia Nuestra Señora de la Soledad;Calle;Gladiolos;1;28981;Parla;91 664 44 43;Privada sin fin de lucro;54;residenciafundacion.es;40,233575;-3,777587;12/11/2020
Residencia de 3ª edad Ermita;Calle;Orquídea;5;28981;Parla;91 699 93 99;Privada;30;;40,234486;-3,773634;10/05/2018
Residencia geriátrica Ilunion Parla;Calle;Felipe II;23;28982;Parla;91 664 42 09;Privada;180;sociosanitario.ilunion.com/servicios/centros-residenciales/comunidad-de-madrid-madrid/parla-residencia-para-mayores-y-centro-de;40,230513;-3,762052;02/10/2020
Vitalia Parla;Calle;Fernando III El Santo;17;28982;Parla;91 283 01 90;Privada;165;www.vitaliahome.es/centros/vitalia-parla/;40,232440;-3,767879;18/09/2020
Residencia de personas mayores de Parla;Calle;Zuloaga;2;28982;Parla;91 698 51 61;Pública autonómica;64;;40,241405;-3,760096;24/09/2020
Residencia municipal de mayores de AMAVIR Patones;Calle;Canal de Isabel II;23;28189;Patones;91 843 21 50;Pública local;90;www.amavir.es/residencia-de-mayores-amavir-patones;40,851707;-3,487649;09/05/2018
Residencia San Miguel;Paseo;de la Ermita;28;28723;Pedrezuela;91 843 48 65;Privada;42;www.sanmiguelpedrezuela.es;40,743901;-3,599472;03/10/2020
Gerontos Pedrezuela;Calle;Eras;96;28723;Pedrezuela;91 843 37 80;Privada;44;www.gerontos.com;40,743291;-3,606735;04/04/2019
Residencia Las Fuentes;Calle;Fuente;44;28723;Pedrezuela;91 843 37 80;Privada;95;;40,746364;-3,600592;18/05/2015
Residencia Bellas Vistas;Avenida;Marcial Llorente;37;28696;Pelayos de la Presa;91 864 42 38 / 91 864 41 51;Privada;120;;40,358592;-4,333794;20/09/2017
Centro de mayores El Chaflán;Calle;Marcial Llorente;47;28696;Pelayos de la Presa;91 864 42 00;Privada;28;www.residenciaelchaflan.com;40,358763;-4,334775;05/10/2020
Orpea Pinto II;Camino;de San Martín de la Vega;5;28320;Pinto;91 692 69 60;Privada;144;orpea.es/centros-residencias/residencia-ancianos-madrid-pinto-ii;40,241046;-3,690610;23/11/2020
Residencia Dolores Soria;Calle;Joaquín Turina;2;28320;Pinto;608 81 09 70;Pública local;60;;40,256742;-3,698900;21/09/2020
Orpea Pinto I;Calle;San Martín;20;28320;Pinto;91 692 86 30;Privada;160;orpea.es/centros-residencias/centro-dia-residencia-ancianos-pinto-i;40,240875;-3,694609;25/11/2020
Residencia Versalles;Calle;Alicante;11;28223;Pozuelo de Alarcón;91 518 39 80 / 91 518 72 99;Privada;30;;40,403211;-3,776742;12/11/2020
Residencia Valderey;Calle;Ciudad Real;18;28223;Pozuelo de Alarcón;91 351 32 85;Privada;15;www.valderey.es;40,419423;-3,841079;18/09/2020
La Atalaya;Camino;de Alcorcón;2;28223;Pozuelo de Alarcón;91 352 14 45;Privada sin fin de lucro;60;www.misionerasinmaculadaconcepcion.es;40,432934;-3,813851;17/09/2020
Fundación Catalina Labouré- Residencia San Diego y San Nicolás;Avenida;de Majadahonda;4;28223;Pozuelo de Alarcón;91 352 07 44 / 91 352 07 45;Privada sin fin de lucro;96;;40,436853;-3,821918;22/09/2020
Residencia Santa Maravillas;Calle;Javier Fernández Golfín;s/n;28223;Pozuelo de Alarcón;91 715 19 58 / 91 715 75 05;Privada;75;residenciasantamaravillas.es;40,429470;-3,819951;12/11/2020
Residencia La Salud;Calle;Manuel Roses;13;28223;Pozuelo de Alarcón;91 711 00 25 / 91 711 85 16;Privada;44;www.residencialasalud.com;40,406988;-3,779266;07/10/2020
Residencia 3ª edad Prado del Rey;Calle;Pío Milla Andrés;5;28223;Pozuelo de Alarcón;676 09 05 63;Privada;27;www.residenciamicasita.es;40,404647;-3,779446;29/09/2020
Residencia de 3ª edad Malvarrosa;Calle;Pío Milla Andrés;33;28223;Pozuelo de Alarcón;91 518 14 64 / 91 502 27 73;Privada;17;www.residenciageriatricamalvarrosa.com;40,402401;-3,778350;10/05/2018
Centro Ballesol 60 - Apartamentos;Calle;Arquitectura;114;28224;Pozuelo de Alarcón;91 351 51 18;Privada;78;www.ballesol.es/apartamentos-para-mayores-en-comunidad-de-madrid/ballesol-b-60;40,452130;-3,809916;12/11/2020
Ballesol Pozuelo;Calle;Arquitectura;116 - 118;28224;Pozuelo de Alarcón;91 352 55 20 / 91 352 40 79;Privada;257;ballesol.es/residencias-para-mayores-en-la-comunidad-de-madrid/ballesol-pozuelo/;40,451626;-3,809275;24/09/2020
Residencia Alarcón;Calle;Caridad;34;28224;Pozuelo de Alarcón;91 351 09 18 / 91 352 70 74;Privada;30;www.residenciaalarcon.com;40,443765;-3,798652;17/09/2020
Residencia geriátrica Las Praderas;Carretera;de Húmera;69;28224;Pozuelo de Alarcón;91 352 00 82;Privada;100;www.residencialaspraderas.com;40,437170;-3,800058;06/05/2015
AMAVIR Pozuelo;Paseo;de las Naciones;1;28224;Pozuelo de Alarcón;91 799 13 92 / 902 10 09 99;Privada;180;www.amavir.es/residencia-de-ancianos-madrid-amavir-pozuelo;40,438527;-3,805132;23/12/2020
Residencia Manuel Herranz;Calle;García Martín;25;28224;Pozuelo de Alarcón;91 352 19 45;Privada sin fin de lucro;84;;40,448068;-3,796783;18/09/2020
Residencia Casa Jardín Pozuelo;Avenida;Leopoldo Calvo Sotelo Bustelo;25;28224;Pozuelo de Alarcón;619 06 04 90;Privada;21;www.residenciacasajardin.es;40,451918;-3,796343;21/09/2020
DomusVi Quijorna;Camino;de la Charneca;25;28693;Quijorna;91 816 88 72 / 91 816 89 36;Privada;110;www.domusvi.es/residencia-de-mayores-madrid-quijorna;40,433307;-4,056359;25/09/2015
Residencia Santa Helena;Calle;Carretera de Ajalvir;7;28815;Ribatejada;91 879 19 67;Privada;37;www.residenciamayoressantahelena.com;40,668213;-3,390293;30/11/2020
Casablanca Rivas;Calle;Goya;21;28521;Rivas-Vaciamadrid;91 499 77 38;Privada;104;www.grupocasablanca.es/residencias/casablanca-rivas/;40,337671;-3,522267;11/05/2015
Residencia GERIATEL Rivas;Paseo;de las Provincias;1;28523;Rivas-Vaciamadrid;91 192 21 35;Privada;112;www.geriatel.es;40,375053;-3,534443;30/09/2011
Residencia municipal de Robledillo de la Jara;Calle;Fuente;5;28194;Robledillo de la Jara;91 868 72 38;Pública local;13;;40,953931;-3,525083;09/10/2020
Residencia La Suiza Santa Rita;Calle;Berna;4 - Urb. La Suiza Española;28294;Robledo de Chavela;91 899 58 37 / 91 899 80 66;Privada;78;www.lasuizasantarita.com;40,511155;-4,243246;01/10/2020
Las Golondrinas;Calle;Miguel de Cervantes;40;28294;Robledo de Chavela;91 899 85 41;Privada;58;geriatricalasgolondrinas.es;40,520821;-4,253372;13/09/2017
Residencia Montesalud;Calle;Azor;2 - Urb. Molino de la Hoz;28232;Rozas de Madrid (Las);91 636 99 00;Privada;150;www.montesalud.com;40,535237;-3,942391;18/09/2020
Orpea Las Rozas;Calle;Clara Campoamor;2;28232;Rozas de Madrid (Las);91 710 59 37;Privada;180;orpea.es/centros-residencias/centro-dia-residencia-ancianos-las-rozas;40,505346;-3,879865;04/04/2019
Residencia Las Rozas - Reina Sofía;Carretera;de A Coruña;Km. 21.5;28232;Rozas de Madrid (Las);91 637 40 12;Pública autonómica;504;;40,517179;-3,885358;03/04/2019
Riosalud;Camino;Real;2 - Urb. Molino de la Hoz;28232;Rozas de Madrid (Las);91 630 20 13;Privada;300;www.riosalud.es;40,531967;-3,943410;13/06/2015
Vitalia Las Rozas;Calle;Chile;16;28290;Rozas de Madrid (Las);91 630 47 00;Privada;246;www.vitaliahome.es/centros/vitalia-las-rozas/;40,542725;-3,904300;21/09/2020
Sanitas Residencial Las Rozas;Avenida;de Atenas;5;28290;Rozas de Madrid (Las);91 631 92 71;Privada;138;www.sanitas.es/sanitasresidencial/residencias-mayores/residencia-las-rozas;40,533736;-3,903171;25/11/2020
Residencia de 3ª edad Las Matas;Calle;Monte;11 - Urb. Las Matas;28290;Rozas de Madrid (Las);91 630 10 29;Privada;177;www.residencialasmatas.es;40,560842;-3,897475;25/09/2020
Orpea Punta Galea;Calle;Playa de Sardinero;19 bis - Urb. Punta Galea;28290;Rozas de Madrid (Las);91 636 92 20;Privada;160;orpea.es/centros-residencias/residencia-ancianos-las-rozas-punta-galea;40,540094;-3,900667;12/07/2013
Residencia Real de Rozas;Carretera;de Entrepinos;s/n;28649;Rozas de Puerto Real;91 863 44 79;Privada;52;realderozas.com;40,308067;-4,485540;28/09/2020
AMAVIR San Agustín del Guadalix;Calle;Halcón;1;28750;San Agustín del Guadalix;91 846 63 00;Privada;180;www.amavir.es/residencia-de-mayores-amavir-san-agustin-del-guadalix;40,676006;-3,620976;18/10/2020
Residencia de personas mayores San Fernando de Henares;Calle;Ventura de Argumosa;4;28830;San Fernando de Henares;91 674 62 00;Pública autonómica;120;;40,427991;-3,531295;23/11/2020
Orpea San Fernando;Calle;Vergara;13;28830;San Fernando de Henares;91 485 02 82;Pública local;140;orpea.es/centros-residencias/centro-dia-residencia-ancianos-san-fernando-henares;40,420639;-3,529463;28/09/2020
Orpea El Escorial;Calle;Luis de Cervera Vera;1 - Urb. Las Pozas;28200;San Lorenzo de El Escorial;91 899 73 04;Privada;180;orpea.es/centros-residencias/centro-dia-residencia-ancianos-el-escorial;40,603723;-4,131542;24/11/2020
Residencia de ancianos María Leonor y Legado de los pobres Hernández Muriel;Calle;María Leonor;3;28200;San Lorenzo de El Escorial;91 890 51 04;Privada sin fin de lucro;74;www.residenciamarialeonor.org;40,596304;-4,149929;01/10/2020
Alba San Lorenzo;Calle;Mariano Sainz;1;28200;San Lorenzo de El Escorial;91 890 08 83;Privada;182;residenalba.net/alba-san-lorenzo;40,594100;-4,143070;18/09/2020
Residencia San Marcos;Calle;Rodrigo de Triana;23;28330;San Martín de la Vega;91 808 72 58;Privada;80;residencia-sanmarcos.com;40,209571;-3,577600;25/11/2020
Centro residencial Juan Pablo II;Carretera;Comarcal 501;Km. 57;28680;San Martín de Valdeiglesias;91 861 14 06;Privada sin fin de lucro;182;www.lopezrumayor.com;40,358754;-4,387533;29/09/2020
Residencia Virgen de la Nueva;Calle;Manuel Carvajal;14;28680;San Martín de Valdeiglesias;91 861 19 96;Privada;114;residenciavirgendelanueva.es;40,360707;-4,405366;18/09/2020
Residencia de personas mayores San Martín de Valdeiglesias;Calle;San Martín;2;28680;San Martín de Valdeiglesias;91 861 04 00;Pública autonómica;122;www.comunidad.madrid/centros/residencia-personas-mayores-san-martin-valdeiglesias;40,363671;-4,402149;24/11/2020
Residencia Años Dorados II;Paseo;de Europa;52;28701;San Sebastián de los Reyes;91 653 53 53;Privada;50;residenciasanosdorados.com;40,568758;-3,602470;24/11/2020
Hogar Virgen de la Esperanza;Calle;Iglesia;5;28701;San Sebastián de los Reyes;91 651 55 11;Privada sin fin de lucro;72;;40,546840;-3,626786;25/09/2017
AMAVIR La Marina;Avenida;de Cataluña;4;28703;San Sebastián de los Reyes;91 659 01 88;Privada;159;www.amavir.es/residencia-de-mayores-amavir-la-marina;40,555508;-3,623579;09/04/2019
Centro Residencial para Mayores Años Dorados;Calle;Los Cerezos;4;28703;San Sebastián de los Reyes;91 654 44 07;Privada;48;;40,545641;-3,619411;30/09/2020
Residencia San Sebastián de los Reyes;Calle;Marie Curie;s/n;28703;San Sebastián de los Reyes;91 623 70 12;Pública autonómica;140;www.albertia.es/residencias/residencia-san-sebastian-de-los-reyes/;40,541786;-3,623643;21/09/2020
Las Mimosas;Calle;Retama;12;28979;Serranillos del Valle;91 813 81 93;Privada;72;www.lasmimosas.com;40,210418;-3,869961;24/09/2020
Flor de Retama;Calle;Retama;15;28979;Serranillos del Valle;91 817 58 01 / 606 53 41 10;Privada;20;www.residenciaflorderetama.com;40,209983;-3,870342;28/11/2020
Orpea Serranillos del Valle;Calle;Retama;2;28979;Serranillos del Valle;91 813 81 38;Privada;110;orpea.es/centros-residencias/residencia-grinon-serranillos/;40,209010;-3,870049;24/11/2020
Residencia Castilla;Calle;Sierra;16 - Urb. La Sierra;28979;Serranillos del Valle;91 817 55 21;Privada;26;www.residenciasrlm.es;40,210260;-3,871749;08/09/2017
Residencia Los Cortijos;Calle;Carril Antiguo;20;28609;Sevilla la Nueva;91 812 96 64;Privada;57;residencialoscortijos.es;40,349122;-4,060583;13/10/2020
Urbanización de mayores;Avenida;de Guadarrama;s/n;28609;Sevilla la Nueva;91 812 91 44;Privada;178;www.rosalbagestion.es/centros/urbanizacón_de_mayores;40,355100;-4,006680;17/09/2020
Residencia Santa Bárbara del Hórreo;Calle;Jacinto Benavente;15;28609;Sevilla la Nueva;91 812 92 97;Privada;33;www.residenciasantabarbara.es;40,344545;-4,028279;24/09/2020
Residencia Rosalba;Calle;Tórtola;1;28609;Sevilla la Nueva;91 812 88 52;Privada;210;www.gruporosalba.es;40,344126;-4,029598;04/04/2019
Residencia de 3ª edad Sierra de Madrid;Calle;Acero;3;28791;Soto del Real;91 847 62 97 / 693 43 55 92;Privada;29;enangeriatric.com;40,750167;-3,784135;03/12/2020
Residencia Soto Fresnos;Avenida;de España;11;28791;Soto del Real;91 848 05 10;Privada;111;www.asispa.org/servicios/residencias-asistidas/titularidad-de-asispa/residencia-soto-fresnos-_madrid;40,753599;-3,790157;07/10/2020
Primar II Centro Geriátrico;Avenida;de Madrid;s/n;28160;Talamanca de Jarama;91 841 77 35;Privada;277;www.primar.es;40,743533;-3,508533;05/04/2019
Residencia La Solana;Plaza;de la Iglesia;4;28550;Tielmes;91 874 60 50;Privada;142;www.lasolana.eu;40,246099;-3,316626;15/09/2020
Residencia Las Celindas;Avenida;de la Constitución;128;28850;Torrejón de Ardoz;91 656 52 73;Privada;76;www.gruposantagema.com;40,459590;-3,462260;23/11/2020
Pisos tutelados para mayores;Avenida;de los Fresnos;11;28850;Torrejón de Ardoz;91 343 68 02;Pública autonómica;240;;40,445189;-3,471190;08/09/2017
AMAVIR Torrejón de Ardoz;Calle;Francia;6;28850;Torrejón de Ardoz;91 627 77 00;Privada;180;www.amavir.es/residencia-de-mayores-amavir-torrejon;40,457387;-3,451723;05/10/2020
Edalia Torrejón de Ardoz;Calle;Milán;6;28850;Torrejón de Ardoz;91 655 62 93;Privada;149;www.edalia.es/residencia-torrejon-de-ardoz;40,463333;-3,465583;18/09/2020
Residencia Nuestra Señora del Rosario;Calle;Soledad;39;28850;Torrejón de Ardoz;91 675 28 59;Privada;39;delrosario.gruposantagema.com;40,458533;-3,476399;01/12/2020
Residencia de 3ª edad Magán;Calle;Miguel Delibes;s/n;28991;Torrejón de la Calzada;91 810 61 15;Privada;140;www.domusvi.es/residencia-de-tercera-edad-torrejon-de-la-calzada;40,193700;-3,805190;21/09/2017
Residencia para personas mayores Torrelaguna;Calle;Doctor Manuel Hidalgo Huerta;12;28180;Torrelaguna;91 843 00 25;Pública autonómica;94;;40,826876;-3,541824;30/09/2020
Centro Residencial Sanitas Torrelodones;Calle;Álamo;2;28250;Torrelodones;91 854 91 20;Privada;143;www.sanitas.es/sanitasresidencial/residencias-mayores/residencia-torrelodones;40,586409;-3,921128;24/09/2020
Centro de Mayores MIAL Salud;Avenida;de los Pinares;2;28250;Torrelodones;91 630 85 81;Privada;174;www.mialsalud.com;40,568445;-3,895831;15/09/2017
Residencia Los Peñascales;Avenida;del Lago;25;28250;Torrelodones;91 630 35 98;Privada;127;www.residenciapenascales.com;40,569141;-3,898356;13/09/2017
Acacias Centro Geriátrico;Calle;Jesusa Lara;36;28250;Torrelodones;91 859 45 30;Privada;21;www.residencia-acacias.com;40,579396;-3,957384;24/11/2020
Residencia de ancianos Santa María de los Ángeles;Calle;Monte Cristina;6;28250;Torrelodones;91 859 38 41;Privada;33;www.rsantamariadelosangeles.es;40,583500;-3,957800;24/09/2020
Orpea Torrelodones;Avenida;Rosario Manzaneque;19;28250;Torrelodones;91 856 90 90;Privada;156;orpea.es/centros-residencias/residencia-ancianos-torrelodones-madrid;40,583964;-3,953036;18/09/2017
Residencia municipal Hontanar de Jarama;Calle;Canal de Isabel II;38;28189;Torremocha de Jarama;91 843 10 55;Pública local;120;;40,839352;-3,500869;21/11/2020
Residencia de 3ª edad La Alameda;Calle;Miguel de Unamuno;43;28813;Torres de la Alameda;91 885 88 68;Privada;146;www.residencia-alameda.es;40,404214;-3,368107;03/04/2019
Residencia para mayores Rosario;Calle;Palmeras;3;28813;Torres de la Alameda;91 886 30 61;Pública local;112;www.domusvi.es/residencia-mayores-madrid-rosari;40,397834;-3,359528;09/10/2017
DomusVi Tres Cantos;Ronda;de Poniente;1;28760;Tres Cantos;91 806 50 51;Privada;99;www.domusvi.es/residencia-para-mayores-sarquavitae-tres-cantos;40,601901;-3,714957;27/03/2018
Ballesol Tres Cantos;Calle;Panaderos;s/n (Sector Oficios 41);28760;Tres Cantos;91 804 71 92;Privada;180;ballesol.es/residencias-para-mayores-en-la-comunidad-de-madrid/ballesol-tres-cantos/;40,605339;-3,713818;05/05/2015
Residencia asistida San Camilo;Calle;Sector Escultores;39;28760;Tres Cantos;91 803 40 00;Privada sin fin de lucro;144;www.humanizar.es/servicios-asistenciales/residencia-geriatrica-asistida.html;40,615365;-3,712755;29/09/2020
Residencia El Balcón;Calle;Haití;2;28340;Valdemoro;91 894 98 70;Privada;118;residenciaelbalcon/valdemoro-madrid;40,183210;-3,693733;12/11/2020
Residencia Reto a la Esperanza;Camino;Hondo;100;28340;Valdemoro;91 161 50 49 / 626 27 73 89;Privada sin fin de lucro;24;;40,203048;-3,665875;12/11/2020
Casablanca Valdemoro;Calle;Aragón;2;28341;Valdemoro;91 801 83 60;Privada;160;www.grupocasablanca.es/residencias/casablanca-valdemoro/;40,186200;-3,686750;21/09/2020
DomusVi Valdemoro;Paseo;Juncarejo;2 - Urb. El Restón;28341;Valdemoro;91 808 59 80;Privada;180;www.domusvi.es/residencia-de-mayores-madrid-valdemoro;40,185200;-3,677610;25/09/2017
Residencia municipal Nuestra Señora del Rosario;Calle;Lili Álvarez;3;28342;Valdemoro;91 876 26 58;Pública local;134;www.domusvi.es/residencia-de-ancianos-en-valdemoro-domusvi-nuestra-sra-del-rosario/;40,195430;-3,690404;01/10/2020
Casablanca Valdesur;Carretera;de Andalucía;Km. 25;28343;Valdemoro;91 895 04 00;Privada;178;www.grupocasablanca.es/residencias/casablanca-valdesur;40,185500;-3,674490;26/11/2020
Residencia Santa Ana;Calle;Alcobendas;31;28150;Valdetorres de Jarama;91 841 43 09;Privada;23;;40,701236;-3,511205;12/11/2020
Residencia de 3ª edad Los Pinos;Avenida;Calderón de la Barca;1 - Urb. Silillos;28150;Valdetorres de Jarama;91 841 57 02;Privada;21;;40,682137;-3,524492;26/11/2020
Residencia Los Rosales;Calle;Tarragona;5;28150;Valdetorres de Jarama;91 841 45 07;Privada;34;;40,700204;-3,514690;20/11/2020
Residencia 3ª edad GERONTOS;Avenida;de Madrid;1;28729;Venturada;91 843 94 90;Privada;23;www.residenciagerontos.com;40,799662;-3,625449;01/10/2020
Residencia de personas mayores Villa del Prado;Paseo;de la Estación;2;28630;Villa del Prado;91 862 22 01;Pública autonómica;120;;40,274219;-4,300819;16/04/2019
Residencia de 3ª edad Peñas Albas;Avenida;de España;4 - Urb. Peñas Albas;28810;Villalbilla;91 879 24 13;Privada;84;;40,449708;-3,364523;12/04/2019
Residencia Los Hueros;Calle;Mayor;53;28810;Villalbilla;91 879 38 56 / 616 88 76 31;Privada;16;www.residenciademayoresloshueros.com;40,445755;-3,351120;16/09/2020
Residencia de 3ª edad San Miguel;Calle;Reyes Magos;27;28810;Villalbilla;91 885 02 81;Privada;34;www.residenciasanmiguelvillalbilla.com;40,433291;-3,305171;25/11/2020
Residencia La Paz;Camino;de Aldea del Fresno;1;28610;Villamanta;91 813 60 05;Privada;54;www.lapazresidencia.com;40,297835;-4,119900;22/09/2020
Casaverde Vilamanta;Carretera;de Cadalso de los Vidrios;Km. 9.6;28610;Villamanta;91 813 63 35 / 91 813 62 26;Privada;67;www.grupocasaverde.com/centro-para-mayores-casaverde-villamanta;40,297911;-4,120028;25/04/2018
Villa Victoria Residencia;Paseo;de la Estación;6;28610;Villamanta;91 813 65 32;Privada;19;www.villavictoriaresidencia.com;40,297545;-4,111879;23/09/2020
Residencia Virgen del Socorro;Avenida;Generalísimo;2;28610;Villamanta;91 813 67 38;Privada;98;www.residenciavirgendelsocorro.com;40,298695;-4,105787;12/09/2017
Residencia Virgen del Socorro;Avenida;Libertad;2;28610;Villamanta;91 813 67 38;Privada;98;www.residenciavirgendelsocorro.com;40,298764;-4,105890;25/11/2020
Residencia Clavijo;Calle;San Miguel;22;28609;Villamantilla;91 812 63 35 / 626 85 71 71;Privada;20;;40,343277;-4,130633;12/11/2020
Orpea Villanueva de la Cañada;Camino;de Encinarejo;3;28691;Villanueva de la Cañada;91 811 79 80;Privada;328;orpea.es/centros-residencias/centro-dia-residencia-ancianos-villanueva-canada;40,452299;-4,015236;03/10/2020
AMAVIR Villanueva;Avenida;Madrid;3;28691;Villanueva de la Cañada;91 815 57 01;Privada;180;www.amavir.es/residencia-de-ancianos-madrid-amavir-villanueva-de-la-canada;40,447962;-3,992299;08/04/2019
Centro sociosanitario Medinaceli;Avenida;de los Estudiantes;3;28229;Villanueva del Pardillo;91 815 44 70;Privada;122;grupomedinaceli.com/centros/centros-propios/villanueva-del-pardillo-centro/;40,481036;-3,968883;07/05/2019
Residencia de personas mayores Villaviciosa de Odón;Carretera;de San Martín de Valdeiglesias;Km. 11.200;28670;Villaviciosa de Odón;91 647 73 18 / 91 616 73 18;Pública autonómica;268;;40,369200;-3,938920;24/11/2020
Residencia El Castillo, S. L.;Avenida;del Valle;7 - Urb. El Castillo;28670;Villaviciosa de Odón;91 616 34 61;Privada;73;;40,354291;-3,889337;03/04/2019
Residencia San Carlos del Bosque;Calle;Jalón;20;28670;Villaviciosa de Odón;91 616 83 80 / 91 616 85 77;Privada;30;www.residenciasnacarlos.com;40,377247;-3,941107;05/10/2020
Residencia de 3ª edad Monteverde;Calle;Miño;35;28670;Villaviciosa de Odón;91 616 71 99;Privada;27;;40,387304;-3,919951;12/11/2020
Residencia Nuestra Señora de la Antigua;Calle;Nervión;6;28670;Villaviciosa de Odón;91 616 70 18;Privada;49;www.antiguaresidencia.com;40,374307;-3,924425;17/09/2020
Residencia Santa Fe;Avenida;de la Estación;71;28293;Zarzalejo;91 899 24 47;Privada;81;;40,539330;-4,163902;22/09/2020
;;;;;;;;;;;;
;;;;;;;;;;;;
;;;;;;;;;;;;
;;;;;;;;;;;;
;;;;;;;;;;;;
;;;;;;;;;;;;
;;;;;;;;;;;;
;;;;;;;;;;;;
;;;;;;;;;;;;
;;;;;;;;;;;;
;;;;;;;;;;;;
;;;;;;;;;;;;
;;;;;;;;;;;;
;;;;;;;;;;;;
;;;;;;;;;;;;
;;;;;;;;;;;;
;;;;;;;;;;;;
;;;;;;;;;;;;
;;;;;;;;;;;;
;;;;;;;;;;;;
;;;;;;;;;;;;
;;;;;;;;;;;;
;;;;;;;;;;;;
;;;;;;;;;;;;
;;;;;;;;;;;;
;;;;;;;;;;;;
;;;;;;;;;;;;
;;;;;;;;;;;;
;;;;;;;;;;;;
;;;;;;;;;;;;
;;;;;;;;;;;;
;;;;;;;;;;;;
;;;;;;;;;;;;
;;;;;;;;;;;;
;;;;;;;;;;;;
;;;;;;;;;;;;
;;;;;;;;;;;;
;;;;;;;;;;;;
;;;;;;;;;;;;
;;;;;;;;;;;;
;;;;;;;;;;;;
;;;;;;;;;;;;
;;;;;;;;;;;;
;;;;;;;;;;;;
;;;;;;;;;;;;
;;;;;;;;;;;;
;;;;;;;;;;;;
;;;;;;;;;;;;
;;;;;;;;;;;;
;;;;;;;;;;;;
;;;;;;;;;;;;
;;;;;;;;;;;;
;;;;;;;;;;;;
;;;;;;;;;;;;
;;;;;;;;;;;;
;;;;;;;;;;;;
;;;;;;;;;;;;
;;;;;;;;;;;;
;;;;;;;;;;;;
;;;;;;;;;;;;
;;;;;;;;;;;;
;;;;;;;;;;;;
;;;;;;;;;;;;
;;;;;;;;;;;;
;;;;;;;;;;;;
;;;;;;;;;;;;
;;;;;;;;;;;;
;;;;;;;;;;;;
;;;;;;;;;;;;
;;;;;;;;;;;;
;;;;;;;;;;;;
;;;;;;;;;;;;
;;;;;;;;;;;;
;;;;;;;;;;;;
;;;;;;;;;;;;
;;;;;;;;;;;;
;;;;;;;;;;;;
;;;;;;;;;;;;
;;;;;;;;;;;;
;;;;;;;;;;;;
;;;;;;;;;;;;
;;;;;;;;;;;;
;;;;;;;;;;;;
;;;;;;;;;;;;
;;;;;;;;;;;;
;;;;;;;;;;;;
